"name","ID","Mean_PSM","KO+S_vs_KO+L_p.val","KO+S_vs_KO+L_p.adj","KO+S_vs_KO+L_significant","KO+S_vs_KO+L_ratio"
"1433b","Q9CQV8-1",-3.1371173564008488,0.16282002433939408,0.85,FALSE,1.29
"1433e","P62259-1",-0.6550295719882309,0.7458412599155232,0.919,FALSE,0.626
"1433g","P61982-1",0.3160882329449098,0.24274005982447908,0.872,FALSE,0.901
"1433s","O70456-1",-2.550810875286595,0.2139066110246429,0.866,FALSE,1.31
"1433t","P68254-1",0.1279353817135238,0.5631382286723428,0.909,FALSE,-0.88
"1433z","P63101-1",-1.0093088620152566,0.6192756464697833,0.913,FALSE,0.28
"2aaa","Q76MZ3-2",1.4220457261982915,0.9281403682024727,0.927,FALSE,-0.0626
"2aab","Q7TNP2-2",-1.9531633079118036,0.3885143389860888,0.894,FALSE,-1.37
"4f2","P10852-4",-2.1991708888570365,0.7474142188351992,0.919,FALSE,0.571
"A0a075b5p4","A0A075B5P4",5.419318226301356,0.4618001972456347,0.901,FALSE,0.285
"A0a087wq44","A0A087WQ44",-1.087049103084293,0.003678074500461724,0.321,FALSE,-5.29
"A0a087wr97","A0A087WR97",-0.12094854547925896,0.3255435038665284,0.886,FALSE,1.47
"A0a0a0mq98","A0A0A0MQ98",-1.8904969658694009,0.3369699078410436,0.888,FALSE,1.53
"A0a0a0mqa6","A0A0A0MQA6",3.6446340710726983,0.07994706342376807,0.8,FALSE,1.26
"A0a0a6yvp4","A0A0A6YVP4",-2.2422414502365995,6.171525946443533e-5,0.00106,TRUE,-3.84
"A0a0a6ywa9","A0A0A6YWA9",-2.712782240858841,0.038161735916891246,0.727,FALSE,-2.24
"A0a0g2jf16","A0A0G2JF16",-2.3935184278654424,2.9038158278394482e-5,1.64e-4,TRUE,-3.24
"A0a0g2jgy8","A0A0G2JGY8",0.5498754124313233,0.22580418759278764,0.869,FALSE,0.743
"A0a0n4sv80","A0A0N4SV80",-1.203236056061221,3.150001582671959e-8,2.94e-14,TRUE,-6.96
"A0a0n4sva7","A0A0N4SVA7",-2.9161897881924315,0.026377665825283468,0.681,FALSE,-2.05
"A0a0n4svc2","A0A0N4SVC2",1.3193840225558655,0.13661232168181334,0.839,FALSE,-1.47
"A0a0n4svm0","A0A0N4SVM0",1.8818829399605548,0.05576090757910557,0.767,FALSE,1.28
"A0a0n4svq1","A0A0N4SVQ1",-1.2409951172514408,0.062266056724578404,0.778,FALSE,-2.86
"A0a0n4sw48","A0A0N4SW48",-1.899678787604688,0.8704146961407166,0.925,FALSE,0.201
"A0a0r4j0e4","A0A0R4J0E4",-1.5393717326731333,0.031121024753624143,0.702,FALSE,-2.7
"A0a0r4j0j6","A0A0R4J0J6",1.4916908872648709,0.026402797108192273,0.681,FALSE,-2.12
"A0a0r4j1i0","A0A0R4J1I0",0.12682873407736572,0.419814559620206,0.897,FALSE,-0.817
"A0a0u1rpd8","A0A0U1RPD8",1.2456201892023582,0.11623295798785309,0.828,FALSE,-2.11
"A0a140liz5","A0A140LIZ5",-3.4718869303510136,0.2147866199786316,0.866,FALSE,0.35
"A0a140t8m0","A0A140T8M0",2.9731009011091256,0.27367954288033114,0.878,FALSE,0.914
"A0a1b0gqw6","A0A1B0GQW6",3.482149613877348,0.21011296189147188,0.865,FALSE,0.495
"A0a1b0gr50","A0A1B0GR50",-1.1820702299107053,0.03896035736909855,0.729,FALSE,-3.11
"A0a1b0gr63","A0A1B0GR63",-1.7043961296638743,0.6591556225000074,0.915,FALSE,-0.617
"A0a1b0grr8","A0A1B0GRR8",1.3946401230714567,0.32778319565004377,0.887,FALSE,-0.634
"A0a1b0grt5","A0A1B0GRT5",-3.293251516366676,0.7076687462389816,0.917,FALSE,0.204
"A0a1b0gt89","A0A1B0GT89",-2.5574612038607736,5.38026785595375e-6,6.07e-7,TRUE,-2.94
"A0a1d5rld8","A0A1D5RLD8",4.1863494850089555,0.15356450902379673,0.847,FALSE,0.511
"A0a1d5rlv0","A0A1D5RLV0",0.3678309963355242,0.04372082443390006,0.742,FALSE,-1.58
"A0a1d5rlw5","A0A1D5RLW5",3.7582069621171277,0.9822842083676517,0.929,FALSE,0.0111
"A0a1d5rm55","A0A1D5RM55",-3.2592563968375505,0.20029657484427285,0.862,FALSE,-1.02
"A0a1l1suv0","A0A1L1SUV0",-0.31727671634931903,0.7390933313948063,0.919,FALSE,0.411
"A0a1l1sux7","A0A1L1SUX7",-2.8432399724719777,0.0473496686704411,0.751,FALSE,-1.85
"A0a1w2p845","A0A1W2P845",-1.342668256701109,0.2415705356152541,0.872,FALSE,2.37
"A0a286yda2","A0A286YDA2",0.8805296115417789,0.6456456772581751,0.914,FALSE,-0.185
"A0a3b2w430","A0A3B2W430",-0.23236713043039942,0.7824110376174699,0.921,FALSE,0.294
"A0a3q4l2w0","A0A3Q4L2W0",-1.790451006777504,0.6757478944435255,0.916,FALSE,-0.587
"A0a3q4l393","A0A3Q4L393",3.4302736322504943,0.270992614816143,0.878,FALSE,-0.458
"A0a494b9a7","A0A494B9A7",2.9970256416047207,0.009341374262007046,0.51,FALSE,1.53
"A0a494bap7","A0A494BAP7",-2.325264289325506,1.1086267349699918e-5,9.03e-6,TRUE,-3.82
"A0a571bdn7","A0A571BDN7",-1.6787119966660833,0.5538706222259802,0.908,FALSE,-0.494
"A0a571be94","A0A571BE94",1.6568503885046544,0.9053282003625205,0.926,FALSE,-0.0535
"A0a571bf12","A0A571BF12",-1.5550975915409522,0.11302575132242848,0.826,FALSE,-2.52
"A0a5f8mpt6","A0A5F8MPT6",0.3206970024028056,0.08053353253691373,0.8,FALSE,2.27
"A0a668kle1","A0A668KLE1",2.940868057782155,0.04357350380435965,0.742,FALSE,1.79
"A1bn54","A1BN54",5.6850308363593,0.17097305758912454,0.853,FALSE,0.553
"A2a600","A2A600",-2.2587767213196113,0.34630024760265976,0.889,FALSE,-1.31
"A2a654","A2A654",4.0477989275844175,0.3052333887417232,0.883,FALSE,-0.395
"A2a7b5","A2A7B5",-2.6766495424568686,0.05117232340585765,0.759,FALSE,-2.03
"A2a8v7","A2A8V7",-1.6941563830245367,0.3317906946004672,0.887,FALSE,-0.953
"A2ah85","A2AH85",3.543015915325973,0.30016924194025096,0.883,FALSE,-1.09
"A2akv1","A2AKV1",1.4954491378542083,0.6404245472664388,0.914,FALSE,-0.464
"A2al19","A2AL19",-2.8659059527493556,0.7823938317033082,0.921,FALSE,0.319
"A2ala0","A2ALA0",-2.731398743650477,0.03911004206587485,0.73,FALSE,-2.37
"A2any6","A2ANY6",4.237100292555886,0.16229060121823968,0.85,FALSE,-1.3
"A2art4","A2ART4",-0.03420847053633638,0.366506802230778,0.892,FALSE,-0.947
"A2asr7","A2ASR7",-1.0756429434227526,0.05404847030694883,0.764,FALSE,0.904
"A2atq5","A2ATQ5",-1.9264273101588936,0.023969586791595335,0.667,FALSE,-2.62
"A2awf2","A2AWF2",0.6679537901260612,0.47625175792542973,0.903,FALSE,-0.778
"A2awt5","A2AWT5",4.636540370257159,0.2538607117956104,0.875,FALSE,-0.692
"A2awt7","A2AWT7",-3.0654141808499777,0.4244078748909206,0.898,FALSE,-0.679
"A2cg76","A2CG76",3.179231419645806,0.5462732613747352,0.908,FALSE,-0.226
"Abcd3","P55096",-1.774052480473826,0.5342334272083977,0.907,FALSE,0.867
"Abce1","P61222",0.23603549509143665,0.08430467048186872,0.804,FALSE,-3.09
"Abec3","Q99J72",-1.0012194702326744,0.07441099717221893,0.794,FALSE,-1.91
"Acadm","P45952",-3.477149471015213,0.19642593699913008,0.861,FALSE,0.366
"Acinu","Q9JIX8-2",3.240685934179175,0.18306621680618226,0.857,FALSE,-0.765
"Acinu.1","Q9JIX8-4",2.29428063146449,0.3083204103547414,0.884,FALSE,-1.26
"Acl6a","Q9Z2N8",2.047812761677209,0.5089266962777421,0.905,FALSE,-0.538
"Actb","P60710",7.359570561245349,0.05196142528856222,0.76,FALSE,1.07
"Actc","P68033",3.8710670683075588,0.05334738483299676,0.763,FALSE,0.873
"Actn4","P57780",5.986422644413892,0.4750402772611798,0.902,FALSE,0.318
"Addg","Q9QYB5-2",1.118944051382987,1.6000805458336873e-4,0.00717,TRUE,5.49
"Adnp","Q9Z103",2.559357470450575,0.18170813652924261,0.857,FALSE,-0.818
"Adt1","P48962",-1.8338151376879894,0.565265762903624,0.909,FALSE,0.902
"Adt2","P51881",4.0050049214270285,0.9755287854685238,0.929,FALSE,-0.0119
"Somatic Aebp2","Q9Z248",1.1823287614196654,0.005576456701049503,0.407,FALSE,-2.95
"Aebp2","Q9Z248-3",-1.7596321383819047,4.6305496305369125e-8,2.94e-14,TRUE,-5.52
"Ahdc1","Q6PAL7",2.2154845799523843,0.5121153637286397,0.905,FALSE,-0.624
"Aka12","Q9WTQ5",-0.7473686866529559,0.8235459154405981,0.923,FALSE,-0.311
"Akap8","Q9DBR0",-1.320556374710385,0.0017549952951270767,0.183,FALSE,-4.25
"Akip","Q9DCJ7",0.78369164238982,0.38205701108266465,0.893,FALSE,0.606
"Albu","P02769",3.9502801425033596,0.06835638525744515,0.786,FALSE,0.932
"Alrf2","Q9JJW6",1.1265739389588494,0.032465750885514344,0.708,FALSE,1.47
"Anln","Q8K298",-2.63926485421689,0.018122932804616996,0.626,FALSE,2.85
"Anm1","Q9JIF0",-1.2148016235303702,0.02995805884469118,0.697,FALSE,-2.47
"Anx11","P97384",0.33274138331093656,1.836312920072649e-4,0.0092,TRUE,2.07
"Anxa6","P14824",-1.050272876805517,7.550417095814361e-4,0.0764,FALSE,5.07
"Anxa7","Q07076",-1.140214212199517,0.723076238659957,0.918,FALSE,0.478
"Ap2a1","P17426",-1.263285308838588,0.6663753053833178,0.915,FALSE,-0.469
"Ap2b1","Q9DBG3",-0.2152197495727058,0.046051337731075274,0.748,FALSE,2.74
"Ap2s1","P62743",-2.3942877458381573,0.5686591795912602,0.909,FALSE,-0.679
"Ap3b1","Q9Z1T1",-3.159045393312134,0.9620323255066401,0.928,FALSE,-0.0467
"Apc7","Q9WVM3",-2.344131381267206,9.837811915534034e-5,0.00288,TRUE,-3.53
"Aqr","Q8CFQ3",2.2262327857689153,0.03427989940199254,0.714,FALSE,-1.23
"Arc1a","Q9R0Q6",3.067385001094996,0.08946399671034057,0.809,FALSE,0.935
"Arc1b","Q9WV32",4.0443022613486415,0.2173008364193825,0.867,FALSE,0.701
"Argl1","Q3UL36",4.045258400331438,0.9442580896716362,0.928,FALSE,-0.0443
"Ari1a","A2BH40",0.9599015953590588,0.0014613446811559774,0.154,FALSE,-1.7
"Ari4a","F8VPQ2",0.007423715127926191,0.0024992407207360813,0.245,FALSE,-1.79
"Ari5b","Q8BM75",-2.278644498703488,2.1920264202766085e-4,0.0125,TRUE,-3.55
"Arid2","E9Q7E2",2.8471974447128106,0.2627543195860509,0.876,FALSE,-0.609
"Aros","Q8C6B9",-2.211917384656194,0.6107451803080708,0.912,FALSE,-0.814
"Arp2","P61161",4.205498196577416,0.15234657858840175,0.846,FALSE,0.817
"Arp3","Q99JY9",4.522958640408463,0.176060204636521,0.855,FALSE,0.702
"Arp5","Q80US4",-1.4306385441405625,0.09267356144120625,0.812,FALSE,-1.74
"Arp5l","Q9D898",1.270159806308731,0.8493102243423531,0.924,FALSE,0.311
"Arp8","Q8R2S9",-0.7449528806563246,0.8514359947047951,0.924,FALSE,0.102
"Arpc2","Q9CVB6",4.702865063759864,0.013499908683024673,0.577,FALSE,1.19
"Arpc3","Q9JM76",-1.185116548780514,0.6147880888536535,0.912,FALSE,0.779
"Arpc4","P59999",2.322922407336625,0.1543989017192834,0.847,FALSE,0.921
"Arpc5","Q9CPW4",-0.11769913763563504,0.48567869297306143,0.903,FALSE,1.33
"Asf1a","Q9CQE6",-3.5141586722347506,0.5633318904094743,0.909,FALSE,0.161
"Ash2l","Q91X20",0.1685606462736886,0.06402236832190863,0.78,FALSE,-1.01
"Assy","P16460",0.10880271344956965,0.0015240795401952668,0.161,FALSE,4.04
"At1a1","Q8VDN2",-1.3685355029218937,0.3429109377341413,0.889,FALSE,1.68
"At1a3","Q6PIC6",-0.9378828455266193,0.89265041341797835,0.926,FALSE,0.233
"At2a2","O55143-2",2.953903653229746,0.17655120675231967,0.855,FALSE,0.771
"Atad3","Q925I1",2.358121309338907,0.9735486865781715,0.929,FALSE,0.0314
"Atad5","Q4QY64",0.30514070419670286,0.1485665337696958,0.845,FALSE,-1.59
"Atpa","Q03265",1.6489011834164704,0.5293125188415794,0.907,FALSE,-0.637
"Atpg","Q91VR2",-2.623008009337516,0.05064926402615521,0.758,FALSE,-2.24
"Atpmk","Q78IK2",-2.57268960342598,0.9331040802080547,0.927,FALSE,0.128
"Atpo","Q9DB20",-0.04039590580144919,0.9542749535336252,0.928,FALSE,-0.0924
"Atrx","Q61687",2.7047030224664,0.9667398327487955,0.928,FALSE,-0.0461
"Atx10","P28658",1.4040552561920827,0.5199166997904398,0.906,FALSE,0.55
"Aurka","P97477",-2.1590299378166513,0.674259908839788,0.916,FALSE,-0.657
"B1awl4","B1AWL4",2.4901037701408533,0.05813713834195808,0.771,FALSE,-1.3
"B2lvg6","B2LVG6",-3.240435337202546,0.2076310254672463,0.864,FALSE,-1.08
"B2rqg2","B2RQG2",2.945363832913994,0.022999397462205848,0.661,FALSE,-1.49
"B2rwe8","B2RWE8",-1.8542139568067937,0.6910925557589058,0.917,FALSE,0.495
"B7zc27","B7ZC27",4.066075945965181,0.04768898618089733,0.752,FALSE,-1.48
"B7zcr6","B7ZCR6",-2.286484942729004,3.161268013598787e-5,2.05e-4,TRUE,-3.71
"B8jj92","B8JJ92",-3.520095804991748,0.8763510153116882,0.925,FALSE,-0.0467
"Baf","O54962",-0.32044861905028643,0.3988110751768734,0.895,FALSE,-1.37
"Bap18","Q9DCT6-3",-0.6965908493560192,0.07547176333683958,0.795,FALSE,-0.853
"Bap18.1","Q9DCT6",-2.642213396455281,0.05106800467879317,0.759,FALSE,-2.37
"Baz1a","O88379",-0.20605943886184072,6.359661530722819e-4,0.062,FALSE,-2.13
"Baz1b","Q9Z277",3.258196012343752,0.16535481176848543,0.851,FALSE,-1.8
"Baz2a","Q91YE5",4.755300560697846,0.7068927812879704,0.917,FALSE,0.219
"Bcd1","Q3UFB2",-2.5207981905251393,0.07280342768046387,0.792,FALSE,-2.11
"Bcl7b","Q921K9",-2.263774375375101,0.40992805903549556,0.896,FALSE,-1.06
"Bcl7c","O08664",-3.1166464391916855,0.2495540600348856,0.874,FALSE,-1.22
"Bcla3","A2AG58",0.7253595685782124,0.04468248802043286,0.745,FALSE,-1.5
"Bclf1","Q8K019",4.776661556281359,0.05245885395828436,0.761,FALSE,-0.941
"Bcor","Q8CGN4",-1.3015727398041252,0.01701660780320777,0.616,FALSE,-3.41
"Bend3","Q6PAL0",-0.19785459927256774,0.06079898317490385,0.776,FALSE,-2.67
"Bicrl","Q8CHH5",-2.4045002700260034,0.749959418684751,0.92,FALSE,-0.422
"Bip","P20029",4.242347253953712,0.7356639181344423,0.919,FALSE,-0.114
"Blm","O88700",-3.085769945977682,0.2841595959651832,0.88,FALSE,-1.12
"Bnc2","Q8BMQ3",-3.5450351654487546,0.8052696412650742,0.922,FALSE,0.0687
"Bop1","P97452",-3.1012020528332322,0.3642294944654939,0.891,FALSE,-0.757
"Brd1","G5E8P1",-0.35724781738134187,0.11895037215184547,0.83,FALSE,-2.44
"Brd2","Q7JJ13",-2.488030735708528,6.3088421376395365e-6,1.17e-6,TRUE,-3.33
"Brd4","Q9ESU6",0.3640920817689169,0.03342809566474895,0.711,FALSE,-1.61
"Brd7","O88665",2.7305051846488833,0.46365801946128193,0.901,FALSE,-0.208
"Brd9","Q3UQU0",-0.2806839805735992,0.4706823407605345,0.902,FALSE,0.779
"Brpf1","B2RRD7",1.0082634585614323,0.08135589423324192,0.801,FALSE,-1.67
"Brwd1","Q921C3",-0.18535788066825074,0.02487560676542736,0.673,FALSE,-3.28
"Brwd3.1","A2AHJ4",-1.4097320905851483,0.012399777447384358,0.562,FALSE,-3.59
"Brx1","Q9DCA5",-0.61211876278085,0.028378626351800686,0.69,FALSE,-2.71
"Bub3","Q9WVA3",-1.036977284354462,0.024159186372310758,0.668,FALSE,-3.52
"Bud13","Q8R149",-1.7495332115735174,7.01702059075137e-5,0.0014,TRUE,-4.74
"Bud31","Q6PGH1",-1.9618857085951744,0.047778304294760904,0.752,FALSE,-2.32
"Byst","O54825",1.490763654738162,0.3331188974852595,0.887,FALSE,-0.859
"C1qbp","O35658",-1.799449769765596,0.026956536332796918,0.684,FALSE,-2.5
"Cadh1","P09803",2.7485658961825403,0.29359346633667016,0.882,FALSE,0.549
"Calm1","P0DP26",1.5487436436737936,0.0037190828773341414,0.324,FALSE,3.78
"Capzb","P47757-2",4.919667148951348,0.09503304837932551,0.814,FALSE,0.832
"Casa1","P02662",0.8460327650326879,0.3564035517495026,0.89,FALSE,0.913
"Casa2","P02663",-0.9212352469400925,0.9474469155637182,0.928,FALSE,0.0921
"Casb","P02666",0.7562948715221387,0.4481980450820804,0.9,FALSE,0.363
"Cask","P02668",-0.13309612277417177,0.5672474686048752,0.909,FALSE,0.804
"Caza1","P47753",-1.3908220793221224,0.6261818927401848,0.913,FALSE,-0.63
"Caza2","P47754",0.8010853086439638,0.4801516299349814,0.903,FALSE,0.658
"Cbx1","P83917",2.257491103772474,0.9383539059655658,0.927,FALSE,-0.0402
"Cbx2","P30658",-1.125983062571529,0.10315953273442906,0.82,FALSE,-1.73
"Cbx3","P23198",2.912649384766011,0.8983725071997508,0.926,FALSE,0.132
"Cbx5","Q61686",2.6670546598381457,0.5834437338731795,0.91,FALSE,-0.291
"Cbx7","Q8VDS3",0.10397222824627367,0.02278506576467838,0.66,FALSE,-1.01
"Cc160","Q3UYG1",-2.9020574139209074,0.15082960181120234,0.845,FALSE,2.06
"Ccar1","Q8CH18",-1.1214724563113658,0.030751464745713438,0.701,FALSE,-3.32
"Ccar2","Q8VDP4",-2.72377451330792,0.0341228683259987,0.714,FALSE,-2.44
"Ccd61","Q3UJV1",-2.7437460385371883,0.16293897934612744,0.85,FALSE,1.76
"Ccd86","Q9JJ89",0.5961147612583222,0.2544864875567399,0.875,FALSE,-1.63
"Ccnb1","P24860",-2.691991491568695,0.9095039768883759,0.926,FALSE,0.142
"Cd11b","P24788",1.01310877222941,0.2975122135849919,0.882,FALSE,-0.935
"Cdc23","Q8BGZ4",-2.080383868610067,1.2459356084838142e-6,4.3e-10,TRUE,-4.33
"Cdc5l","Q6A068",2.7031490776582676,0.2237806875089233,0.868,FALSE,-1.39
"Cdc73","Q8JZM7",3.3123568170857802,0.317392929873453,0.885,FALSE,-0.747
"Cdk1","P11440",-0.017566658251259644,0.5521823289437715,0.908,FALSE,-0.63
"Cdk12","Q14AX6",-1.9068757152410982,1.8008239914070418e-6,3.49e-9,TRUE,-4.57
"Cdk13","Q69ZA1",-2.161238620905748,1.771611697189313e-6,3.21e-9,TRUE,-4.12
"Cdka1","O35207",-3.0244552332489967,0.2714058507819398,0.878,FALSE,-1.31
"Cecr2","E9Q2Z1-2",0.4668163107411671,0.0011851566600277713,0.126,FALSE,-2.71
"Cenpa","O35216",-3.583501945847665,0.8600627086293341,0.924,FALSE,-0.0467
"Cg050","Q9CXL3",-1.8871835017645129,0.005300677447741049,0.397,FALSE,3.1
"Ch60","P63038",1.3605410434681948,0.26412260905419704,0.877,FALSE,-0.585
"Chap1","Q8K327",-0.08936064982533207,0.004908751151796916,0.381,FALSE,-1.87
"Chd1","P40201",2.7654054666592436,0.14461250056201852,0.843,FALSE,-1.13
"Chd2","E9PZM4",-1.706197091796624,0.008920008506826952,0.501,FALSE,-3.13
"Chd4","Q6PDQ2",4.793420215819703,0.2537281310858063,0.875,FALSE,-0.568
"Chd7","A2AJK6",-1.6382172089227232,0.006345698297541804,0.433,FALSE,-3.2
"Cherp","Q8CGZ0",1.4165382182617683,0.02397628921605962,0.667,FALSE,-2.22
"Chm1a","Q921W0",-0.33875583645115315,0.13016835884554345,0.836,FALSE,2.21
"Chm2a","Q9DB34",-2.328748322355143,2.1923309273401047e-6,8.69e-9,TRUE,3.62
"Chm4b","Q9D8B3",1.7785327420835308,0.45307789058288483,0.901,FALSE,0.767
"Chtop","Q9CY57",2.669745277408603,0.26632943085649285,0.877,FALSE,-0.82
"Ci114","Q3UHX9",-2.8741164656859812,0.03963252154299856,0.731,FALSE,-1.94
"Ck098","Q9D937",0.011165844097739304,0.2821538159799762,0.88,FALSE,-1.39
"Ck5p2","Q8K389",-1.8496275977622836,0.004539365884069953,0.365,FALSE,3.88
"Ckap4","Q8BMK4",0.6251625615888767,0.5586323268826642,0.909,FALSE,-0.764
"Clh1","Q68FD5",4.756781200966793,0.0592480156768214,0.773,FALSE,1.07
"Clk1","P22518",-2.1777250386031564,0.0023252273085379175,0.232,FALSE,-3.33
"Clk2","O35491",-2.6430822648684704,0.037533086901676435,0.725,FALSE,-2.68
"Clpb","Q60649",-2.4062904954152056,0.01914277333569575,0.634,FALSE,3.33
"Cms1","Q9CZT6",2.2423436587560714,0.19748684018663526,0.861,FALSE,0.608
"Cnot1","Q6ZQ08",-2.2333845938483994,1.2687998120926891e-6,4.68e-10,TRUE,-3.78
"Coba1","Q61245",0.6672670229006609,0.004936837514854285,0.382,FALSE,3.15
"Cobl","Q5NBX1",3.506628849666717,0.02960194747588609,0.696,FALSE,1.75
"Cof1","P18760",-1.8370571405764187,0.7370199674314452,0.919,FALSE,0.402
"Cof2","P45591",-2.043800856899157,0.2038781356037863,0.863,FALSE,1.81
"Coia1","P39061",2.468865803150581,0.7202845310514161,0.918,FALSE,0.286
"Coil","Q5SU73",-1.007434674447707,0.013273000779601514,0.574,FALSE,-4.14
"Cor1b","Q9WUM3",3.061626678436766,0.021018514632806597,0.648,FALSE,1.26
"Cor1c","Q9WUM4",5.122242329875681,0.020679050851842667,0.646,FALSE,1.14
"Cor2b","Q8BH44",3.673127807793169,1.1158919469430028e-4,0.00369,TRUE,2.57
"Cp131","Q62036",2.2569931675231247,0.004158238038159844,0.346,FALSE,3.17
"Cpsf1","Q9EPU4",2.176110765956781,0.026959149366687318,0.684,FALSE,-1.89
"Cpsf2","O35218",1.31675830759838,0.06397186168594364,0.78,FALSE,-1.52
"Cpsf3","Q9QXK7",0.6699047930206371,0.0405473663444053,0.734,FALSE,-3.29
"Cpsf4","Q8BQZ5",-3.240435337202546,0.2076310254672463,0.864,FALSE,-1.08
"Cpsf5","Q9CQF3",-1.4263178633996811,0.001234475069379173,0.131,FALSE,-4.74
"Cpsf6","Q6NVF9",-2.001865454040866,1.953733823292284e-6,5.17e-9,TRUE,-4.56
"Crnl1","P63154",1.02022798696254,0.01767673969074941,0.622,FALSE,-3.51
"Csk21","Q60737",2.2291930671557054,0.009572550354043181,0.515,FALSE,-1.14
"Csk2b","P67871",-1.7144429145467532,0.8521202448528902,0.924,FALSE,0.234
"Cstf1","Q99LC2",-2.4503230798139435,0.025320358179807965,0.675,FALSE,-3.45
"Cstf3","Q99LI7",-2.672045204467804,0.03428190833455068,0.714,FALSE,-2.55
"Cstft","Q8C7E9",-2.6693288889099733,0.02654908451015791,0.681,FALSE,-2.79
"Ctbp2","P56546",-1.4746091541873647,0.19019621792245553,0.859,FALSE,-1.26
"Ctcf","Q61164",2.007112581836841,0.8255930542801901,0.923,FALSE,-0.175
"Ctna1","P26231",3.967317382976345,0.027893817581870744,0.688,FALSE,0.863
"Ctnb1","Q02248",3.376230972387515,0.42648721115647603,0.898,FALSE,0.463
"Ctr9","Q62018",2.987379493736602,0.08692633876673247,0.807,FALSE,-1.3
"Cul1","Q9WTX6",-2.449785821481731,0.748654152165077,0.919,FALSE,0.428
"Cul4b","A2A432",0.49347602212775765,0.22052842515506993,0.867,FALSE,-0.708
"Cwc15","Q9JHS9",-2.186260873787181,8.307895923605242e-7,4.57e-11,TRUE,-4.01
"Cwc22","Q8C5N3",0.6505939030135721,0.01669197549639402,0.613,FALSE,-3.56
"Cwc25","Q9DBF7",0.25728942093512264,0.31383955831968735,0.885,FALSE,0.74
"Cxa1","P23242",1.1431017485796235,0.26453534985703575,0.877,FALSE,1.84
"Cytsa","Q2KN98",1.041699020364869,0.29129358529339683,0.881,FALSE,1.83
"Cytsb","Q5SXY1",-0.4396835301290169,0.6929297945779072,0.917,FALSE,0.718
"D3ytq3","D3YTQ3",-3.240435337202546,0.2076310254672463,0.864,FALSE,-1.08
"D3yu88","D3YU88",-0.5216869061935158,0.8739567972919401,0.925,FALSE,0.306
"D3yvf4","D3YVF4",2.061656762423915,0.3459371357698211,0.889,FALSE,-0.695
"D3ywj3","D3YWJ3",3.1380074266307996,0.9151947910435657,0.927,FALSE,0.0495
"D3ywx2","D3YWX2",-1.47519330216033,3.2139281639342493e-7,2.94e-14,TRUE,-5.95
"D3yxr5","D3YXR5",-1.3306865721421777,0.789369364992088,0.921,FALSE,-0.469
"D3yzq9","D3YZQ9",-1.7997650321587033,0.6752348573867806,0.916,FALSE,0.49
"D3z0m9","D3Z0M9",1.0471407324010595,0.005255480951554321,0.395,FALSE,-3.11
"D3z0t0","D3Z0T0",-0.9765416789405001,0.9765797079693281,0.929,FALSE,-0.0111
"D3z2f7","D3Z2F7",1.9228924053049885,0.3341275620109727,0.888,FALSE,0.592
"D3z4x5","D3Z4X5",-3.1493936761616848,0.33973820196892435,0.888,FALSE,-0.803
"D3z6p9","D3Z6P9",-0.3542496678370992,0.7161198103549871,0.918,FALSE,-0.488
"D3z712","D3Z712",1.7130002169095073,0.31168078367445246,0.884,FALSE,-0.805
"D3z7j8","D3Z7J8",-2.8462506720280207,0.16405008667423235,0.851,FALSE,1.45
"Daxx","O35613",-2.846625628397681,0.9294777209199483,0.927,FALSE,0.106
"Ddb1","Q3U1J4",3.585163495599793,0.5599801079227342,0.909,FALSE,-0.27
"Ddx1","Q91VR5",-2.946940992150039,0.2901267763558851,0.881,FALSE,-1.27
"Ddx10","Q80Y44",-3.1896922370428,0.23747565875289542,0.871,FALSE,1.13
"Ddx17","Q501J6",2.289410138315238,0.3126237485784992,0.885,FALSE,-0.449
"Ddx18","Q8K363",1.3975666539866338,0.05867248252347308,0.772,FALSE,-1.56
"Ddx20","Q9JJY4",-0.8813269874784183,0.1764726057658055,0.855,FALSE,2.28
"Ddx21","Q9JIK5",5.816001050332874,0.4238020711135133,0.898,FALSE,-0.454
"Ddx24","Q9ESV0",0.5602684508979888,0.06669659374235858,0.784,FALSE,-2.83
"Ddx27.1","Q921N6",-3.240435337202546,0.2076310254672463,0.864,FALSE,-1.08
"Ddx28","Q9CWT6",-2.862061032106982,0.044953209570776774,0.745,FALSE,-1.79
"Ddx3x","Q62167",4.6071064338499115,0.3815990365371106,0.893,FALSE,-0.29
"Ddx3y","Q62095",0.33642569968145,0.9692893057994874,0.928,FALSE,-0.014
"Ddx41","Q91VN6",0.7059194632538714,0.09225582490171212,0.811,FALSE,-2.41
"Ddx46","Q569Z5-2",0.6047120022043093,0.9114367516219635,0.926,FALSE,0.157
"Ddx49","Q4FZF3",-2.1311218474139952,0.0743172048880026,0.794,FALSE,-1.85
"Ddx5","Q61656",5.576392470338888,0.40576990203923,0.896,FALSE,-0.27
"Ddx50","Q99MJ9",-0.9536167374727422,0.015592022318675127,0.602,FALSE,-3.68
"Ddx51","Q6P9R1",0.6185941061560231,0.04784729936585386,0.752,FALSE,-2.27
"Ddx52","Q8K301",-2.585429592571835,0.02971925873165148,0.696,FALSE,-2.85
"Ddx54","Q8K4L0",-1.973095773972022,2.044110382286817e-6,6.4e-9,TRUE,-4.46
"Ddx56","Q9D0R4",1.0202670984240478,0.17942633657485785,0.856,FALSE,-2.13
"Dek","Q7TNV0",0.16145831945378442,0.9778935620183205,0.929,FALSE,-0.0338
"Desm","P31001",-3.481629024592838,0.8259110814371247,0.923,FALSE,0.0687
"Dest","Q9R0P5",1.8014377163351492,0.016799204428433846,0.614,FALSE,1.82
"Dhb12","O70503",-1.7776972461865872,1.3073489709481182e-7,2.94e-14,TRUE,-4.73
"Dhb3","P70385",-3.5450351654487546,0.8052696412650742,0.922,FALSE,0.0687
"Dhrs4","Q99LB2",-2.5590757496723113,0.23933638837107893,0.872,FALSE,1.29
"Dhx15","O35286",3.8100787597469323,0.06538708964235515,0.782,FALSE,-1.14
"Dhx30","Q99PU8",0.4523590774917651,0.18742329899662677,0.858,FALSE,-1.56
"Dhx8","A2A4P0",-1.1973222824735963,0.0025427208952267994,0.249,FALSE,-4.68
"Dido1","Q8C9B9",2.8632469487213954,0.6224822433401904,0.913,FALSE,-0.471
"Dkc1","Q9ESX5",2.298620537519279,0.024946058753828375,0.673,FALSE,-3.61
"Dmap1","Q9JI44",-0.03440443174880646,0.003579837535556948,0.316,FALSE,-1.42
"Dnja1","P63037",-0.4720222049742013,0.18813067851558904,0.859,FALSE,1.23
"Dnli1","P37913",-2.3064602984413085,0.1585133393197533,0.849,FALSE,1.82
"Dnm3a","O88508",3.4004417326174194,0.7728659394810087,0.921,FALSE,0.291
"Dnm3b","O88509",4.609492614010374,0.9507358812060476,0.928,FALSE,-0.0172
"Dnm3l","Q9CWR8",4.602731401179611,0.707475998896928,0.917,FALSE,0.141
"Dnmt1","P13864-2",1.817381805905387,0.44848604521231206,0.9,FALSE,-0.767
"Dnmt1.1","P13864",-0.40296094106367186,0.6207235101255006,0.913,FALSE,-0.432
"Dock6","Q8VDR9",2.657289208151268,0.05534755326452239,0.767,FALSE,1.39
"Dock7","Q8R1A4",1.5844889194223166,0.7467756795157372,0.919,FALSE,-0.354
"Dpm1","O70152",-2.5674906860355478,0.039226115064644074,0.73,FALSE,-2.4
"Dppa2","Q9CWH0",1.9112226784194013,0.9242510194010424,0.927,FALSE,0.0682
"Dppa4","Q8CCG4",0.8839805145504566,0.32929859492649893,0.887,FALSE,-0.307
"Dpy30","Q99LT0",2.4842033418379503,0.5302498475535465,0.907,FALSE,0.536
"Dreb","Q9QXS6",0.960960528475661,0.44770876293547757,0.9,FALSE,0.492
"Dx39a","Q8VDW0",-3.583501945847665,0.8600627086293341,0.924,FALSE,-0.0467
"Dx39b","Q9Z1N5",0.4418636189819823,0.7450319810120567,0.919,FALSE,-0.359
"Dyhc1","Q9JHU4",-1.8401023752978396,1.1707320936025698e-4,0.00404,TRUE,4.56
"Dyl1","P63168",0.34620212030267705,0.31435131994099896,0.885,FALSE,-1.32
"E0cyh0","E0CYH0",2.134926605851736,0.1720852267151112,0.853,FALSE,-1.62
"E9pvu0","E9PVU0",-2.6933137630944275,1,0.93,FALSE,0
"E9pw43","E9PW43",-2.047462738308993,0.7653788126229482,0.92,FALSE,0.412
"E9pwa7","E9PWA7",0.5546549837723249,0.8107357600675977,0.922,FALSE,-0.327
"E9pwg4","E9PWG4",2.5674091645655794,0.050304441713169834,0.757,FALSE,1.25
"E9pww9","E9PWW9",3.287379277126805,0.8055567116772447,0.922,FALSE,-0.127
"E9px23","E9PX23",-2.4620051758191845,0.27448282264952373,0.878,FALSE,1.35
"E9py14","E9PY14",-3.240435337202546,0.2076310254672463,0.864,FALSE,-1.08
"E9pyf4","E9PYF4",-0.19427640930793644,0.3733607063784503,0.892,FALSE,-0.927
"E9pz16","E9PZ16",-2.0700135962946904,0.08272503302730735,0.803,FALSE,-2.9
"E9pza7","E9PZA7",0.7662534397136559,0.056439381844907516,0.769,FALSE,-3.76
"E9pzm7","E9PZM7",2.2543485728927077,0.19885202811694652,0.862,FALSE,-0.986
"E9q1a5","E9Q1A5",-3.450752531378834,0.6060207518662167,0.912,FALSE,0.161
"E9q1z0","E9Q1Z0",-1.1507225236408551,0.9335898055146351,0.927,FALSE,-0.125
"E9q2w9","E9Q2W9",-3.1493936761616848,0.33973820196892435,0.888,FALSE,-0.803
"E9q447","E9Q447",5.748886158328266,0.7167747795892041,0.918,FALSE,0.266
"E9q453","E9Q453",1.175158113894272,0.057174980584103315,0.77,FALSE,2.97
"E9q4f4","E9Q4F4",-3.138562415947719,0.264616625927592,0.877,FALSE,-0.96
"E9q580","E9Q580",6.0290450614216224,0.056556617362489535,0.769,FALSE,0.922
"E9q616","E9Q616",0.25372299407823706,0.07591611941376258,0.795,FALSE,3.12
"E9q6a7","E9Q6A7",-3.2592563968375505,0.20029657484427285,0.862,FALSE,-1.02
"E9q6e5","E9Q6E5",1.0286663711883193,0.6024760715703068,0.912,FALSE,-0.808
"E9q6r7","E9Q6R7",-3.467520924349797,0.7311858027630472,0.919,FALSE,0.111
"E9q7q3","E9Q7Q3",4.447994488905402,0.012292386576534215,0.561,FALSE,1.53
"E9q8z4","E9Q8Z4",3.2740902340281153,0.018996278236784285,0.633,FALSE,1.29
"E9q9y4","E9Q9Y4",3.2683455456351687,0.6710689213316657,0.916,FALSE,-0.563
"E9qa16","E9QA16",-2.6407388824524762,0.8681120217638274,0.925,FALSE,0.158
"E9qa90","E9QA90",-3.2171830743311003,0.27067561678126456,0.878,FALSE,-0.915
"E9qae4","E9QAE4",4.140104812121036,0.31781891070022816,0.885,FALSE,-1.23
"E9qap7","E9QAP7",-1.617204606138548,0.006710854991087662,0.445,FALSE,-3.39
"E9qar1","E9QAR1",-0.2938423998818433,0.20895965156463783,0.864,FALSE,-1.91
"E9ql13","E9QL13",2.301396145436639,0.4347738860571939,0.899,FALSE,0.547
"E9qn31","E9QN31",3.3560114277790256,0.09583047191961076,0.814,FALSE,-1.3
"E9qnn1","E9QNN1",4.362750254786632,0.09800914733479568,0.816,FALSE,-1.38
"Eaf6","Q2VPQ9",-1.3666734904604159,0.016989708615730823,0.615,FALSE,-3.22
"Ebp2","Q9D903",1.479653044538947,0.018609519005916095,0.63,FALSE,-2.01
"Ecd","Q9CS74",0.41815385712385256,0.2228540092324079,0.868,FALSE,2
"Eed","A0A5F8MPX8",2.7899406603997807,0.8718108510075054,0.925,FALSE,-0.0518
"Ef1a1","P10126",4.318524949717709,0.0140340196540717,0.584,FALSE,0.896
"Ef1d","P57776",0.04148865845683,0.43317779571993265,0.899,FALSE,-0.97
"Ef1g","Q9D8N0",1.9878166317942862,0.3317419815073195,0.887,FALSE,0.497
"Ef2","P58252",0.9221685508953893,0.028416055310775963,0.691,FALSE,3.02
"Eftu","Q8BFR5",2.4982044190016164,0.5873383811508202,0.911,FALSE,0.291
"Ehd1","Q9WVK4",-0.33260845262519223,0.019691406649048455,0.639,FALSE,3.5
"Ehmt1","Q5DW34",2.2300457193429124,0.855640499114278,0.924,FALSE,0.179
"Eif3b","Q8JZQ9",-3.450752531378834,0.6060207518662167,0.912,FALSE,0.161
"Eif3i","Q9QZD9",-1.1682693631225556,0.5416780836512208,0.908,FALSE,0.647
"Eif3l","Q8QZY1",-3.147641381340899,0.4251161620326438,0.898,FALSE,-0.623
"Elav1","P70372",1.7868418502306536,0.1928459657610635,0.86,FALSE,-1.47
"Elob","P62869",0.2233959867618287,0.20220419901140282,0.863,FALSE,0.511
"Eloc","P83940",0.4372011377318828,0.10798339039705004,0.823,FALSE,0.69
"Elp1","Q7TT37",-2.742234850952815,0.01654081326343454,0.611,FALSE,2.54
"Elys","Q8CJF7",1.7921201593072706,0.03584753902878647,0.72,FALSE,-1.15
"Emd","O08579",-3.398177650736883,0.30929018975971173,0.884,FALSE,0.319
"Eme1","Q8BJW7",-3.520095804991748,0.8763510153116882,0.925,FALSE,-0.0467
"Emsy","Q8BMB0",0.0603901237730293,0.8437814411757276,0.924,FALSE,-0.0845
"Endou","Q3V188",-2.225359771995574,0.038615330499299674,0.728,FALSE,2.54
"Enoa","P17182",-0.644666152113792,0.7660226153128883,0.92,FALSE,-0.459
"Enpl","P08113",-0.9930698410860226,0.1008332251806272,0.818,FALSE,2.14
"Ep400","Q8CHI8",0.7424162189604329,0.008339177013335124,0.488,FALSE,-1.79
"Epc1","Q8C9X6",-2.224644761761665,8.499058913507751e-7,5.22e-11,TRUE,-4.12
"Epc2","Q8C0I4",-3.02620002100247,0.2748612558096393,0.878,FALSE,-1.11
"Epop","Q7TNS8",1.3822422273667228,0.09669432196459225,0.815,FALSE,0.58
"Eral1","Q9CZU4",-2.8423813715818183,0.8630507854848668,0.924,FALSE,0.21
"Ercc3","P49135",-1.7234104999754702,0.38101330168531017,0.893,FALSE,-1.49
"Erh","P84089",2.4446344554954926,0.9576709265602419,0.928,FALSE,0.0615
"Erln1","Q91X78",-3.477149471015213,0.19642593699913008,0.861,FALSE,0.366
"Err2","Q61539",0.5101808111077875,0.11816067994559952,0.829,FALSE,-2.25
"Esco2","Q8CIB9",-0.031041056407880588,0.032642347812089904,0.708,FALSE,-1.64
"Exos4","Q921I9",-2.7177639768755566,0.03894330778248506,0.729,FALSE,-2.27
"Exosx","P56960",-2.424394921079446,2.1166194719325493e-5,6.61e-5,TRUE,-3.33
"Ezh1","P70351",1.002818354184169,0.009747243288759222,0.518,FALSE,-1.17
"Ezh2","Q61188",2.6088617604885833,0.9777271775984502,0.929,FALSE,0.00946
"Ezhip","B1B0V2",-0.008649769028100785,0.0030601742040704282,0.285,FALSE,-2.28
"F6qkd2","F6QKD2",-3.2592563968375505,0.20029657484427285,0.862,FALSE,-1.02
"F6r9g0","F6R9G0",-1.154807516642117,0.8442250352593373,0.924,FALSE,0.0989
"F6zbr8","F6ZBR8",0.39153865651464426,0.10987573777628942,0.824,FALSE,-0.643
"F6zlh4","F6ZLH4",-1.3582370599652163,0.05084426461501093,0.758,FALSE,-3.09
"F6zv59","F6ZV59",-1.230940136589244,0.07659315178615017,0.796,FALSE,-1.8
"F7b5b5","F7B5B5",0.5738415086514379,0.446776206876476,0.9,FALSE,0.469
"F7bp94","F7BP94",-3.22078961643864,0.2535207007921077,0.874,FALSE,-0.904
"F8vq29","F8VQ29",0.23719650002818604,0.3845410650981399,0.894,FALSE,-0.764
"F8wgr0","F8WGR0",2.0064757913726394,0.0036474776297703774,0.32,FALSE,4.57
"F8why8","F8WHY8",3.200450766459622,0.31005429207958757,0.884,FALSE,0.344
"Fbrl","P35550",3.668443100664963,0.1075043370303048,0.823,FALSE,-0.887
"Fbw1b","Q5SRY7",-3.0592508347681315,0.22944995897396037,0.869,FALSE,-1.39
"Fbx30","Q8BJL1",1.34647064933065,0.04213890022533592,0.738,FALSE,3.1
"Finc","P11276",-1.7257559537286822,0.30625037434657537,0.884,FALSE,-1.42
"Fip1","Q9D824-2",0.9530172625600128,0.0291098597340416,0.694,FALSE,-3.62
"Flii","Q9JJ28",3.2482849742876696,0.1061321886665205,0.822,FALSE,0.971
"Flna","Q8BTM8",4.562100613034135,0.04203340460736995,0.738,FALSE,1.25
"Flnb","Q80X90",3.3467125628501777,0.009046964129756398,0.504,FALSE,3.06
"Frg1","P97376",-2.798654891251065,0.04769856054355109,0.752,FALSE,-1.79
"Fus","P56959",2.334507337174819,0.967021521525411,0.928,FALSE,-0.0355
"Fxr1","Q61584",2.5339319861575156,0.8502442721502689,0.924,FALSE,0.0672
"G3uvu2","G3UVU2",0.6506055134082995,0.05473217630709031,0.766,FALSE,-3.22
"G3uwe1","G3UWE1",-0.8914666763639533,0.3927984119950918,0.895,FALSE,-1.16
"G3uwq7","G3UWQ7",0.3283447635344676,0.03558939457336382,0.719,FALSE,1.46
"G3ux48","G3UX48",-1.5570916522882188,0.16341781742837475,0.85,FALSE,2.32
"G3uys8","G3UYS8",-2.4033516971400593,4.313118054285224e-5,4.54e-4,TRUE,-3.09
"G3x8x0","G3X8X0",-3.182384261474597,0.7623330203383683,0.92,FALSE,0.226
"G3x926","G3X926",0.7876014074256996,0.20582609103464475,0.864,FALSE,-1.33
"G3x956","G3X956",2.748070189909517,0.34652749785946024,0.889,FALSE,-1.31
"G45ip","Q9CR59",-3.2171830743311003,0.27067561678126456,0.878,FALSE,-0.915
"G5e924","G5E924",3.8603560029354274,0.019485260127095633,0.637,FALSE,-1.35
"Gapr1","Q9CYL5",0.19395502969109912,0.396108507756746,0.895,FALSE,0.786
"Gar1","Q9CY66",-1.4627357449699323,0.11430118937837712,0.827,FALSE,-2.15
"Gdf3","Q07104",-3.5000505719917103,0.4800780500056242,0.903,FALSE,0.204
"Gels","P06396",1.8921539820667923,0.7340444974486502,0.919,FALSE,0.554
"Gels.1","P13020-2",1.009109864803691,0.16431996411928607,0.851,FALSE,2.51
"Gemi5","Q8BX17",1.6228580412455658,0.12924238965433835,0.836,FALSE,1.92
"Glyr1","Q922P9",1.9901564699506773,0.02593555558484204,0.678,FALSE,-1.12
"Gnai3","Q9DC51",-1.7057349608486585,0.5464270552697246,0.908,FALSE,0.852
"Gnl3","Q8CI11",0.9189836383982994,0.683537255083122,0.916,FALSE,-0.235
"Gnl3l","Q6PGG6",-2.092993362191149,0.04870880873307262,0.754,FALSE,-2.16
"Gpc4","P51655",-0.6426670079234599,0.0238531448699709,0.667,FALSE,1.23
"Gptc4","Q3TFK5",-2.080702668566091,1.2107566890602635e-6,3.74e-10,TRUE,-4.32
"Grp75","P38647",4.459739622679442,0.9089603566710405,0.926,FALSE,0.0506
"Grwd1","Q810D6",-3.450752531378834,0.6060207518662167,0.912,FALSE,0.161
"Gtpb4","Q99ME9",2.0092217000502988,0.1393441279611828,0.84,FALSE,-1.18
"Gtr1","P17809",-1.778817582543869,0.5126054581485933,0.905,FALSE,-0.856
"H10","P10922",0.8179889055202041,0.9827251927276979,0.929,FALSE,-0.0101
"H11","P43275",4.389110197212608,0.48052087968446033,0.903,FALSE,0.238
"H12","P15864",-0.6098279306436863,0.5918570886506297,0.911,FALSE,-0.628
"H13","P43277",2.56541553440109,0.6361074944735364,0.914,FALSE,0.255
"H14","P43274",1.7754055528896393,0.1849675513118996,0.858,FALSE,-0.564
"H15","P43276",4.229714434557969,0.8874633415413462,0.925,FALSE,0.0524
"H1t","Q07133",3.5511620938564645,0.5354097008856077,0.907,FALSE,0.26
"H2a1h","Q8CGP6",4.5123668114640125,0.8150620120844517,0.922,FALSE,-0.0977
"H2a2a","Q6GSS7",2.734192141641378,0.7615395783458793,0.92,FALSE,0.192
"H2a2b","Q64522",-3.22078961643864,0.2535207007921077,0.874,FALSE,-0.904
"H2av","Q3THW5",3.0264365203024446,0.6856940189312232,0.916,FALSE,-0.189
"H2ax","P27661",2.78255088794095,0.3046354465827592,0.883,FALSE,0.505
"H2ay","Q9QZQ8",1.3225436469139147,0.12256509483337197,0.832,FALSE,-1.59
"H2b1b","Q64475",5.407232446028329,0.7729054778269604,0.921,FALSE,-0.158
"H2b1c","Q6ZWY9",1.8486270376523053,0.6704523836968443,0.916,FALSE,0.441
"H32","P84228",-0.5498940869529326,0.4983874467981112,0.904,FALSE,1.36
"H33","P84244",3.739882579063111,0.9717613480430476,0.929,FALSE,-0.0262
"H3bk51","H3BK51",-3.450752531378834,0.6060207518662167,0.912,FALSE,0.161
"H3blb0","H3BLB0",-0.25809178050230974,0.5958992454647094,0.911,FALSE,0.268
"H3bli5","H3BLI5",-0.6574283099425993,0.05446197324370916,0.765,FALSE,-2.08
"H4","P62806",6.043566405338126,0.897647474109213,0.926,FALSE,-0.0424
"Hat1","Q8BY71",-1.5854422449730363,0.3841887049702085,0.894,FALSE,-0.823
"Hcfc1","Q61191",2.625348828773578,0.38282244336815363,0.894,FALSE,-0.345
"Hdac1","O09106",3.4590534779684297,0.24773420734235746,0.873,FALSE,-0.692
"Hdac2","P70288",0.9250897594478199,0.8119221654754458,0.922,FALSE,-0.239
"Hdgr2","Q3UMU9",2.653109946342635,0.11349812514749105,0.827,FALSE,-0.825
"Hells","Q60848",1.8878017478089621,0.7259691316838746,0.918,FALSE,0.279
"Hic2","Q9JLZ6",-1.9323696790355633,0.022699920884943693,0.66,FALSE,-2.64
"Hira.1","Q61666",-2.324819858190803,1.828496466034886e-5,4.43e-5,TRUE,-3.82
"Hm20a","Q9DC33",-1.819253810269929,0.6730162297073645,0.916,FALSE,0.541
"Hmga2","P52927",-2.867133046101734,0.4542054658101313,0.901,FALSE,-0.654
"Hnrh1","O35737",2.7244388270424142,0.6404276720373234,0.914,FALSE,-0.48
"Hnrh2","P70333",-1.931010149385938,0.0239394655710887,0.667,FALSE,-2.64
"Hnrl2","Q00PI9",1.3025114424844426,0.010084119726008289,0.524,FALSE,-4.05
"Hnrpc","Q9Z204-2",4.059079824563567,0.1030020064217553,0.82,FALSE,-1.06
"Hnrpc.2","Q9Z204-3",-2.4878010619353628,1.2374675732633721e-5,1.3e-5,TRUE,-3.33
"Hnrpd","Q60668",-3.2592563968375505,0.20029657484427285,0.862,FALSE,-1.02
"Hnrpf","Q9Z2X1-2",2.8617069475345165,0.664967453169489,0.915,FALSE,-0.49
"Hnrpk","P61979",3.499626071032971,0.38028262308350036,0.893,FALSE,-0.367
"Hnrpl","Q8R081",-3.583501945847665,0.8600627086293341,0.924,FALSE,-0.0467
"Hnrpm","Q9D0E1-2",5.266494708604319,0.10982213088452329,0.824,FALSE,-0.731
"Hnrpq","Q7TMK9",-0.1325805674154414,0.005128902826297685,0.39,FALSE,-4.22
"Hnrpu","Q8VEK3",5.7193755989175274,0.9264611059654364,0.927,FALSE,-0.0312
"Hp1b3","Q3TEA8",-1.7950663984158313,5.482432156196812e-5,8.06e-4,TRUE,-4.56
"Hs90a","P07901",3.0029628638883805,0.30375366813928006,0.883,FALSE,0.896
"Hs90b","P11499",4.244449569300035,0.007126282032268094,0.457,FALSE,1.15
"Hsp7c","P63017",5.610805308516669,0.46873552758146764,0.902,FALSE,0.303
"Hspb1","P14602",-0.38304210291303675,0.4216628117289254,0.898,FALSE,-0.82
"Hxk2","O08528",0.013313031059810508,0.8417896927980834,0.924,FALSE,0.162
"I7hlv2","I7HLV2",3.6042793357203724,0.372522936011909,0.892,FALSE,-0.258
"If2b","Q99L45",-0.9688551336683378,0.0858202943132308,0.806,FALSE,2.5
"If2b1","O88477",2.3060151827158224,0.25063545037218166,0.874,FALSE,-0.804
"If2b3","Q9CPN8",-2.0881957656025674,0.049161948345233346,0.755,FALSE,-2.13
"If4a1","P60843",2.1579585830209824,0.0584718017447548,0.772,FALSE,1.53
"If4a2","P10630",1.1703517570110376,0.6671117658676842,0.915,FALSE,0.435
"If4a3","Q91VC3",4.780370141775478,0.10219493893719392,0.819,FALSE,-0.509
"If6","O55135",-1.4293360381179812,0.20182680052715554,0.863,FALSE,-2.07
"Ifm2","Q99J93",-3.1515077682605934,0.6683955321422681,0.915,FALSE,0.319
"Igh1m","P01869",-1.8270481341979559,0.6994482581191168,0.917,FALSE,0.453
"Igkc","P01837",3.4697735301141104,0.9827594347057662,0.929,FALSE,0.0115
"Ilf2","Q9CXY6",1.6735810376773144,0.10651116934923026,0.822,FALSE,-2.06
"Ilf3","Q9Z1X4",2.154518243316581,0.05341850993710086,0.763,FALSE,-2.89
"Ima1","P52293",-0.9952386982955181,0.053517371984590764,0.763,FALSE,-2.12
"Ima3","O35343",-3.120482655072391,0.2357203174644658,0.871,FALSE,-1.2
"Imb1","P70168",2.3581826002290365,0.3924708304457314,0.895,FALSE,0.461
"Imdh2","P24547",-1.1996143447420855,0.24880935391979295,0.874,FALSE,2.07
"In80b","Q99PT3",-1.3763213620000456,0.9643030739521923,0.928,FALSE,0.068
"In80c","Q8BHA0",-3.583501945847665,0.8600627086293341,0.924,FALSE,-0.0467
"Ing4","Q8C0D7",-2.3682231822050914,0.0867170296383907,0.806,FALSE,-2.16
"Ing5","Q9D8Y8",-0.5262121095716655,0.01435610067878761,0.588,FALSE,-1.17
"Ino80","Q6ZPV2",1.1627132185640658,0.16232935406829987,0.85,FALSE,-0.752
"Int1","Q6P4S8",-0.5177164572469396,0.040386902860535326,0.733,FALSE,-3.02
"Int10","Q8K2A7",-2.287795499865944,1.146548435413749e-5,1e-5,TRUE,-3.7
"Int11","Q9CWS4",-2.776644640076444,0.7058211432409787,0.917,FALSE,0.428
"Int12","Q9D168",-1.7972220047510705,7.040355245254139e-4,0.0703,FALSE,-4.24
"Int13","Q8QZV7",-2.7924008901815713,0.0386076611209986,0.728,FALSE,-2.19
"Int14","Q8R3P6",-3.5141586722347506,0.5633318904094743,0.909,FALSE,0.161
"Int2","Q80UK8",-1.7826936125007473,0.013866337282550998,0.582,FALSE,-3.09
"Int3","Q7TPD0",0.48460198082714995,0.014191241567347026,0.586,FALSE,-1.11
"Int4","Q8CIM8",-2.0492786151530593,1.0333595901418886e-4,0.00318,TRUE,-4.42
"Int5","Q8CHT3",-1.330500361925465,0.0012440960077769814,0.132,FALSE,-4.26
"Int6","Q6PCM2",-1.3170241408964476,0.0020032817098828383,0.205,FALSE,-4.48
"Int9","Q8K114",-2.2166162008774366,9.950174181990725e-7,1.22e-10,TRUE,-3.73
"Ipo4","Q8VI75",-2.7202451718774734,0.7125684013565019,0.918,FALSE,0.417
"Iqga1","Q9JKF1",1.579028395069645,0.1163628624098314,0.828,FALSE,1.73
"Isy1","Q69ZQ2",-0.682527895786114,0.08790794825706798,0.807,FALSE,-2.93
"Itpi2","Q922B9",-2.0487366926709925,0.010185896572246991,0.526,FALSE,2.59
"Itpr1","P11881",-1.6334543873312277,0.0053188502800967305,0.397,FALSE,3.62
"Itpr3","P70227",0.2753451888331041,0.006985919514351495,0.453,FALSE,4.47
"Iws1","Q8C1D8",-3.138562415947719,0.264616625927592,0.877,FALSE,-0.96
"Jade1","Q6ZPI0",2.7110149391294645,0.14831095868169764,0.844,FALSE,-0.618
"Jarid2","Q62315",4.922778891557524,0.07513736409871562,0.795,FALSE,-0.998
"K1c10","P13645",5.6862217065260605,0.5563873449567694,0.909,FALSE,0.268
"K1c17","Q9QWL7",2.5530028191239182,0.11825256342973132,0.83,FALSE,-1.61
"K1c19","P19001",-2.589589514540191,0.4374943489821266,0.899,FALSE,-0.741
"K1c42","Q6IFX2",-0.6836132106833057,0.3783359680227484,0.893,FALSE,-1.16
"K1c9","P35527",5.446920934679403,0.7284575552206174,0.918,FALSE,-0.212
"K22e","P35908",5.4218748578449665,0.6231741130695374,0.913,FALSE,0.233
"K2c1","P04264",6.188488326095784,0.8327136803092751,0.923,FALSE,0.103
"K2c5","Q922U2",0.19634279629481613,0.39949917648479416,0.895,FALSE,-1.83
"K2c6b","Q9Z331",0.5478237131904311,0.046520907547055144,0.749,FALSE,-3.02
"K4di61","K4DI61",0.5120272155017748,0.39802088750337583,0.895,FALSE,-1.23
"Kank2","Q8BX02",-1.783017521086398,0.2009006139447662,0.862,FALSE,2.17
"Kanl1","Q80TG1",-1.9907976473895792,0.21012506483539137,0.865,FALSE,-1.96
"Kanl2","Q8BQR4",-1.7125142774356463,2.6577718589160452e-5,1.29e-4,TRUE,-4.85
"Kanl3","A2RSY1",-1.7787944729023968,0.02440521065821009,0.67,FALSE,-2.83
"Kap0","Q9DBC7",-2.6179592402137484,0.033093196622639987,0.71,FALSE,-2.76
"Kat6b","Q8BRB7",2.6612291630043035,0.05533061060389166,0.767,FALSE,-1.27
"Kat7","Q5SVQ0",2.5629765180059025,0.6257355237060054,0.913,FALSE,-0.428
"Kc1a","Q8BK63",-0.09108885292395458,0.028014732494084992,0.689,FALSE,-0.875
"Kc1d","Q9DC28",-3.1081909941232557,0.10612138081140997,0.822,FALSE,1.47
"Kc1e","Q9JMK2",-0.8239503877791194,0.7740386571401368,0.921,FALSE,0.351
"Kctd5","Q8VC57",1.3044827463543247,0.45026715009546125,0.9,FALSE,0.474
"Kdm1a","Q6ZQ88",-0.4637330630315833,0.006304406605423838,0.432,FALSE,-1.55
"Kdm2a","P59997",0.15525779352351649,0.026338592687287544,0.68,FALSE,-0.791
"Kdm2b","Q6P1G2",1.7812875329870126,0.7927686825032982,0.921,FALSE,0.235
"Kdm5b","Q80Y84",1.1320692729095692,0.023681108049475683,0.666,FALSE,-0.948
"Khdr1","Q60749",2.279087293218521,0.8577795014208333,0.924,FALSE,-0.133
"Ki18b","Q6PFD6",-2.7310861774528856,0.04169157484565357,0.737,FALSE,-2.37
"Ki20a","P97329",1.6522043171905616,0.4660529006068702,0.902,FALSE,-0.441
"Ki20b","Q80WE4",1.0232821574603497,0.7476831509648363,0.919,FALSE,-0.338
"Ki67","E9PVX6",1.3332989813753542,0.013071022361827792,0.572,FALSE,-1.55
"Kif22","Q3V300",-0.7398166647755896,0.7080485178478415,0.917,FALSE,0.296
"Kif23","E9Q5G3",0.3451303371105648,0.11343362432720458,0.827,FALSE,1.84
"Kif2c","Q922S8",-3.2095588439885425,0.24706658246951493,0.873,FALSE,-0.983
"Kif4","P33174",-3.5450351654487546,0.8052696412650742,0.922,FALSE,0.0687
"Kifc1","Q9QWT9-2",1.9466377779890558,0.10844983300888741,0.823,FALSE,0.996
"Kit","P05532",-3.0531378610891418,0.12101738806633106,0.831,FALSE,1.42
"Klf16","P58334",-3.4718869303510136,0.2147866199786316,0.866,FALSE,0.35
"Kmt2a","P55200",-1.0789918315671974,0.016206462707214715,0.608,FALSE,-3.52
"Kmt2b","O08550",3.0692458266356044,0.6507058333911409,0.914,FALSE,-0.279
"Knop1","Q9Z2Q2",-2.3480293292308545,9.376084229183613e-6,5.16e-6,TRUE,-3.52
"Kpym","P52480",0.1984191731852944,0.5432495858188946,0.908,FALSE,0.616
"Kpyr","P53657",-2.002875331412862,0.3874411378556373,0.894,FALSE,1.36
"L7n208","L7N208",-3.120482655072391,0.2357203174644658,0.871,FALSE,-1.2
"La","P32067",2.9566180197220806,0.9397566828111203,0.927,FALSE,0.0405
"Lactb","Q9EP89",1.2414127660115448,0.08622020672563177,0.806,FALSE,-2.83
"Lap2a","Q61033",-0.07423026529155674,0.828404224554437,0.923,FALSE,-0.214
"Lap2b","Q61029-3",-1.1168794538508062,0.021890566167660944,0.654,FALSE,-3.32
"Larp7","Q05CL8",-1.3650564812988024,0.09066352329874251,0.81,FALSE,-2.48
"Las1l","A2BE28",2.4340633833439047,0.0864235040122896,0.806,FALSE,-0.945
"Lat1","Q9Z127",-1.2393474011647514,0.48166162935313483,0.903,FALSE,0.72
"Lbr","Q3U9G9",3.9249889753126443,0.7334957585586788,0.919,FALSE,0.205
"Lc7l2","Q7TNC4-2",2.7339414540305498,0.7675341312847792,0.92,FALSE,0.131
"Lc7l3","Q5SUF2",0.9986228613381136,0.14108513947259665,0.841,FALSE,-1.74
"Ldha","P06151",-0.8933989979834489,0.6717235756228317,0.916,FALSE,0.701
"Leng8","Q8CBY3",-3.2592563968375505,0.20029657484427285,0.862,FALSE,-1.02
"Leo1","Q5XJE5",-0.17691307956756797,0.14670876937517416,0.844,FALSE,-2.31
"Lima1","Q9ERG0-2",5.347154379957113,0.27388677650627347,0.878,FALSE,0.491
"Lima1.1","Q9ERG0",3.958973302342685,0.3576323697496211,0.891,FALSE,0.51
"Lin41","Q1PSW8",3.5097851667618216,0.8590631751874159,0.924,FALSE,0.1
"Litd1","Q587J6",2.318973135119654,0.9980041168881604,0.93,FALSE,0.00328
"Lmbl2","P59178",-0.10218326178917507,0.008620947088448096,0.494,FALSE,-1.65
"Lmnb1","P14733",-1.6395236269762612,0.0640473105012146,0.78,FALSE,-2.4
"Lmtk2","Q3TYD6",-2.9418148565314137,0.12234450226282328,0.832,FALSE,1.78
"Lrc59","Q922Q8",0.643441740674481,0.35955378898845314,0.891,FALSE,-1.31
"Lrch1","P62046",-2.308805526601732,0.3554087797666739,0.89,FALSE,1.24
"Lrch4","Q921G6",-2.3597873421441604,0.2211984914491865,0.867,FALSE,1.66
"Lrwd1","Q8BUI3",-0.03259600808028577,0.13129895670792438,0.837,FALSE,-2.63
"Lsg1","Q3UM18",-1.2457732084570377,0.007539753729834052,0.468,FALSE,-3.9
"Lsm4","Q9QXA5",-2.8158828268261824,0.026742929458325026,0.682,FALSE,-2.35
"Lsm6","P62313",-2.6058398556296303,0.028192680140852352,0.689,FALSE,-2.79
"Lsm8","Q6ZWM4",-2.45463596930437,0.06213964912010916,0.778,FALSE,-2.08
"Ltv1","Q6NSQ7",-2.11746108279282,0.8976204389919489,0.926,FALSE,-0.226
"Luc7l","Q9CYI4",3.1672846641454693,0.8841447738711938,0.925,FALSE,-0.0745
"Luzp1","Q8R4U7",1.6288647621556047,0.009046092739127754,0.504,FALSE,2.73
"Lyar","Q08288",3.3054180368286024,0.31212727288245634,0.884,FALSE,-1.26
"Lyric","Q80WJ7",0.7078876703534315,0.04246071155516621,0.739,FALSE,-2.26
"Mabp1","Q6NS57",0.09296116095862923,0.1519477261477441,0.846,FALSE,1.67
"Magt1","Q9CQY5",-2.0065640877837376,0.6574389542512596,0.915,FALSE,0.49
"Map7","O88735",-2.7474973916170145,0.016073104778870334,0.607,FALSE,2.55
"Matr3","Q8K310",4.143399010456817,0.06830502360612337,0.786,FALSE,-1.26
"Max","P28574",-0.594851206297258,0.11652012847201704,0.828,FALSE,-2.12
"Mbb1a","Q7TPV4",7.488661282900313,0.2449924184516165,0.873,FALSE,0.386
"Mbd3","Q9Z2D8",1.2133584206001125,0.17054821294221972,0.853,FALSE,-1.3
"Mbtd1","Q6P5G3",-1.128123507642834,0.013679966605218441,0.579,FALSE,-3.75
"Mcat","Q9Z2Z6",-2.3925204369260937,4.176870971320331e-5,4.2e-4,TRUE,-3.24
"Mcm2","P97310",-1.0066419499928627,0.01424500772494227,0.586,FALSE,-3.59
"Mcm3","P25206",-0.3165155059402991,0.11347541278067717,0.827,FALSE,1.36
"Mcm4","P49717",-0.40796879566651767,0.38084455631355246,0.893,FALSE,-0.465
"Mcm5","P49718",2.8991144570717022,0.9363092053126698,0.927,FALSE,0.0368
"Mcm6","P97311",0.79619896902548,0.7552909315080708,0.92,FALSE,-0.315
"Mcm7","Q61881",-0.6709733258331977,0.011945308301498595,0.556,FALSE,-3.14
"Mcrs1","Q99L90",-1.2796552550419187,0.06061470010454256,0.775,FALSE,-2.97
"Mdc1","Q5PSV9",-0.3582760547872701,0.0010962825332178397,0.116,FALSE,-1.87
"Men1","O88559",0.24954997384381888,0.5651715098602611,0.909,FALSE,-0.234
"Mfa1b","C0HKD9",1.3705469808761492,0.03025276205892989,0.699,FALSE,-2.09
"Mgap","A2AWL7",1.6731031161152092,0.0036553825299351548,0.32,FALSE,-1.59
"Mgn","P61327",2.460463489567467,0.1515724976693143,0.846,FALSE,-0.665
"Mic19","Q9CRB9",1.1616791070102963,0.0038024959585649235,0.328,FALSE,1.63
"Mic60","Q8CAQ8",2.244341980245824,0.051877632422779804,0.76,FALSE,1.77
"Mint","Q62504",-0.5491539153665397,0.0013224398130828633,0.14,FALSE,-4.55
"Mk01","P63085",-1.5899097352437284,0.7124033278191007,0.918,FALSE,0.51
"Mmta2","Q99LX5",0.13533763574257954,0.7262777658051855,0.918,FALSE,0.517
"Mo4l1","P60762",-3.112398882125679,0.33457644953344984,0.888,FALSE,-0.769
"Morc3","F7BJB9",0.5817533961643837,0.15392310605329435,0.847,FALSE,-0.838
"Mot1","P53986",-1.1339528745002778,0.42007687696633134,0.897,FALSE,0.967
"Mov10","P23249",1.4418840055688056,0.07700451552738367,0.797,FALSE,-0.802
"Mpcp","Q8VEM8",2.93237077490299,0.8296879449946235,0.923,FALSE,-0.0646
"Mpp8","Q3TYA6",1.0525082871886362,0.14340695891738844,0.842,FALSE,-1.66
"Mprip","P97434",1.0785314010650902,0.8465901338503974,0.924,FALSE,0.337
"Msh2","P43247",2.420067224180981,0.4893966641409513,0.904,FALSE,0.325
"Msh6","P54276",3.4756525956426154,0.23918288104200963,0.872,FALSE,0.416
"Mta2","Q9R190",3.3623378960522805,0.6677803143105849,0.915,FALSE,-0.398
"Mta3","Q924K8",2.016659669298658,0.6677660204270436,0.915,FALSE,-0.316
"Mtf2","Q02395",2.515388129343628,0.838605937114725,0.923,FALSE,0.0607
"Mtrex","Q9CZU3",1.3661699497231885,0.08090239089942966,0.801,FALSE,-2.83
"My18a","Q9JMH9",3.4817693421978646,0.29533124740123057,0.882,FALSE,1.56
"Myef2","Q8C854",0.5398749300475321,0.09737665054179495,0.815,FALSE,-1.68
"Myh10","Q61879",8.517953664271193,0.02366576260789392,0.666,FALSE,1.21
"Myh14","Q6URW6-2",5.314924599433519,0.0031601420455396605,0.291,FALSE,2.4
"Myh9","Q8VDD5",9.636280132557072,0.033250630539958144,0.71,FALSE,1.22
"Myl3","P09542",3.6237946961856164,0.3739367807521771,0.893,FALSE,0.534
"Myl6","Q60605",5.112672583723354,0.026664797153789044,0.682,FALSE,1.25
"Myl6b","Q8CI43",1.6608699420913617,0.3118226802408518,0.884,FALSE,0.95
"Myo10","F8VQB6-2",-0.909914465043268,0.7350607444420778,0.919,FALSE,-0.465
"Myo1b","P46735",-1.4918175938036113,0.2804975551160404,0.879,FALSE,-1.68
"Myo1c","Q9WTI7-3",5.96335217855974,0.018269778533643973,0.627,FALSE,1.15
"Myo1c.1","Q9WTI7",-2.1516504923814437,0.030983934873692703,0.702,FALSE,2.51
"Myo1d","Q5SYD0",3.632730248135948,0.5965391217123444,0.911,FALSE,0.282
"Myo1e","E9Q634",3.2194929394886542,6.75262819760565e-4,0.0668,FALSE,5.84
"Myo5a","Q99104",4.8155524711696,0.007711928796526085,0.473,FALSE,1.7
"Mypt1","Q9DBR7",3.4541711796262504,0.025604130739400297,0.677,FALSE,1.84
"Nat10","Q8K224",1.7873363585947353,0.010551877362668056,0.533,FALSE,-4.02
"Ncbp1","Q3UYV9",-1.2614072306866193,3.54879967581416e-5,2.77e-4,TRUE,-6.08
"Ncbp2","Q9CQ49",-2.10559624958303,6.484498417884995e-5,0.00118,TRUE,-4.48
"Nckp1","P28660",-3.2703504153901783,0.49863143339246674,0.904,FALSE,0.366
"Ncoa5","Q91W39",1.5374708134810602,0.012729378695345711,0.567,FALSE,-2.53
"Neua","Q99KK2",-0.5284476433089056,0.02760487260285233,0.687,FALSE,-3.97
"Nfrkb","Q6PIJ4",0.5405720932463882,0.0015375295507453668,0.162,FALSE,-1.57
"Nh2l1","Q9D0T1",-1.871828741577712,0.09513914601873966,0.814,FALSE,-2.56
"Nip7","Q9CXK8",-2.084601798369539,1.0897723842237053e-6,2.12e-10,TRUE,-4.54
"Nipbl","Q6KCD5",0.1473502742935324,1.3719502986353556e-4,0.00541,TRUE,-2.15
"Nips1","O55125",-1.3616827360650876,0.3468928936016963,0.889,FALSE,-1.55
"Nkap","Q9D0F4",-1.7514728005014217,0.49556480297611394,0.904,FALSE,-0.71
"Nkd2","Q8VE28",-2.6810016538667405,0.7650939193625319,0.92,FALSE,0.412
"Nob1","Q8BW10",-2.7102361654990106,0.6725637602415906,0.916,FALSE,0.469
"Nog2","Q99LH1",-0.33415074462472705,0.08029846833624109,0.8,FALSE,-2.5
"Nol9","Q3TZX8",2.277245655433362,0.46975400189257865,0.902,FALSE,-0.414
"Nolc1","E9Q5C9",4.5499833782686006,0.5704702217618184,0.91,FALSE,-0.37
"Nom1","Q3UFM5",-2.1532100600215194,2.315968062843735e-6,1.1e-8,TRUE,-3.73
"Nono","Q99K48",3.025885003173386,0.5403823563613153,0.907,FALSE,-0.398
"Nop10","Q9CQS2",-1.9408017782327465,3.3091378241997517e-4,0.0248,TRUE,-4.12
"Nop14","Q8R3N1",2.3606393733820115,0.8261469781756519,0.923,FALSE,0.102
"Nop16","Q9CPT5",-2.2571323510866375,0.28607112815494246,0.88,FALSE,-1.47
"Nop56","Q9D6Z1",3.7495603983163477,0.12134331089609345,0.831,FALSE,-1.57
"Nop58","Q6DFW4",1.5252919650914643,0.024149593277856027,0.668,FALSE,-3.28
"Np1l1","P28656",0.33484181597843443,0.030028878628233516,0.698,FALSE,3.68
"Npm","Q61937",4.764135824183602,0.41133370816172377,0.897,FALSE,-0.321
"Nr0b1","Q61066",-0.4646989012216704,0.28881070124741914,0.881,FALSE,-0.701
"Nsa2","Q9CR47",-2.194527988269912,0.07159525147454147,0.79,FALSE,-1.85
"Nsd2","Q8BVE8",-2.6967974879252155,0.046443341904824034,0.749,FALSE,-2.39
"Nsun2","Q1HFZ0",1.518904809069387,0.6798099306585694,0.916,FALSE,0.393
"Nsun5","Q8K4F6",-2.3234857816909433,2.277231664273162e-6,1.02e-8,TRUE,3.6
"Nu107","Q8BH74",-3.255649854730011,0.21712268902522333,0.866,FALSE,-1.03
"Nu155","Q99P88",-2.706459383193471,0.033341055753332814,0.711,FALSE,-2.49
"Nucl","P09405",5.236817527655417,0.5379643329951407,0.907,FALSE,-0.264
"Numa1","E9Q7G0",6.510423724062011,0.6527943696360003,0.915,FALSE,-0.155
"Nusap","Q9ERH4",0.30453096865731366,0.0816562520214545,0.802,FALSE,1.09
"Nvl","Q9DBY8",0.5067545701076073,0.16149742681401638,0.85,FALSE,-2.05
"Nxf1","Q99JX7",0.7486856472331112,0.019487059158887224,0.637,FALSE,-3.23
"Odpb","Q9D051",-3.2030749740880595,0.29398856434387094,0.882,FALSE,-0.873
"Ogt1","Q8CGY8",3.171102218348527,0.5506704075787852,0.908,FALSE,-0.467
"Orc1","Q9Z1N2",2.084543094391345,0.19331592022014185,0.86,FALSE,-1.51
"Orc2","Q60862",-0.39019719192374847,0.03516929741672638,0.717,FALSE,-2.9
"Orc3","Q9JK30",-1.307060423608581,0.04480474439311684,0.745,FALSE,-2.84
"Orc4","O88708",-2.6491972721380286,0.028244494612031455,0.69,FALSE,-2.85
"Orc5","Q9WUV0",-1.0690767482972703,0.015131654835797785,0.597,FALSE,-2.51
"Ost48","O54734",-3.583501945847665,0.8600627086293341,0.924,FALSE,-0.0467
"P5cr2","Q922Q4",-2.3849301497411868,4.638035150631959e-5,5.4e-4,TRUE,-3.22
"P66a","Q8CHY6",2.1134809722847465,0.40090165310244985,0.895,FALSE,-0.69
"P66b","Q8VHR5",0.4260697448821243,0.014559530655095495,0.59,FALSE,-0.858
"Pabp1","P29341",0.26645144672950355,0.4844006117160281,0.903,FALSE,-1.11
"Pacn3","Q99JB8",-3.477149471015213,0.19642593699913008,0.861,FALSE,0.366
"Paf1","Q8K2T8",1.8805612334498452,0.1629520306178647,0.85,FALSE,-1.93
"Pald","P70261",-1.864631956098771,0.02677471111698548,0.683,FALSE,2.66
"Palm3","A2TJV2",-2.596585320251264,0.023508339006166102,0.665,FALSE,3.01
"Patz1","Q5NBY9",-2.1352040118148308,4.7621479219634885e-5,5.74e-4,TRUE,-3.7
"Pb1","Q8BSQ9",4.473861579865617,0.7679516892655914,0.92,FALSE,0.182
"Pcbp1","P60335",0.8462530405239078,0.377621290349026,0.893,FALSE,0.901
"Pcbp2","Q61990",1.7313616713084619,0.210070505181435,0.865,FALSE,0.798
"Pcgf1","Q8R023",-1.111085698623058,0.13167971770486875,0.837,FALSE,-1.82
"Pcgf2","P23798",0.1950646422626441,0.19230750853295367,0.86,FALSE,-0.434
"Pcgf6","Q99NA9",0.07260803215990652,0.02372798640958576,0.666,FALSE,-1.52
"Pcm1","Q9R0L6-2",3.821980731193707,7.779072075727872e-4,0.0791,FALSE,2.27
"Pcna","P17918",-2.776188381714758,0.03647488051908632,0.722,FALSE,-2.24
"Pcnt","P48725",1.0799495645209822,0.06724712441541741,0.785,FALSE,3.11
"Pdip2","Q91VA6",-3.240435337202546,0.2076310254672463,0.864,FALSE,-1.08
"Pdip3","Q8BG81",3.2838559509256124,0.6693475343088668,0.915,FALSE,-0.254
"Pdli1","O70400",-2.342676581777803,0.020851055154448756,0.647,FALSE,3.71
"Pds5a","Q6A026",-0.5871002294106169,0.034533983818254815,0.715,FALSE,-4.15
"Pds5b","Q4VA53",-2.6944256102423165,0.37827091475005814,0.893,FALSE,-1.05
"Pdzd4","Q9QY39",-1.6352328373429506,0.3969775003766436,0.895,FALSE,-0.782
"Peg10","Q7TN75",1.6381136756049546,0.10194058852838525,0.819,FALSE,-1.44
"Pelp1","Q9DBD5",2.636223667968123,0.562385354582294,0.909,FALSE,-0.443
"Pesc","Q9EQ61",-0.3125861667779381,0.9122257401976681,0.926,FALSE,0.184
"Pfkap","Q9WUA3",-3.0926253147008427,0.11593997179905985,0.828,FALSE,1.43
"Pgam5","Q8BX10-2",2.6572329013916476,0.8970941562897984,0.926,FALSE,0.0643
"Phc1","Q64028",1.7966587608674787,0.7538615991724456,0.92,FALSE,-0.0929
"Phf1","Q9Z1B8",-0.33089525407082615,0.9606341906674448,0.928,FALSE,0.0355
"Phf11","A6H5X4",-2.588337697074777,3.3881774156866506e-6,7.17e-8,TRUE,-3.03
"Phf12","Q5SPL2",-1.4341607684383157,0.4421098583264855,0.9,FALSE,-0.804
"Phf14","Q9D4H9",-2.4677920853323783,0.04421096308207876,0.743,FALSE,-2.47
"Phf19","Q9CXG9",0.8741491938359465,0.02683344453172007,0.683,FALSE,0.881
"Phf20","Q8BLG0",-1.218358313701926,0.012580420771358286,0.565,FALSE,-3.66
"Phf5a","P83870",1.0246712499492143,0.7142720712779324,0.918,FALSE,-0.204
"Phf6","Q9D4J7",-2.6831334123573516,0.041147099274846166,0.736,FALSE,-2.14
"Phip","Q8VDD9",-1.5172649013079982,0.01850549769359705,0.629,FALSE,-3.27
"Phrf1","A6H619",-2.6471058440107975,0.02940907271749307,0.695,FALSE,-2.67
"Pinin","O35691",3.9062840007040465,0.4408085483394506,0.899,FALSE,-0.505
"Pk1ip","Q9DCE5",-0.9095337269268063,0.14875998162629347,0.845,FALSE,-0.637
"Pkhg3","Q4VAC9-2",1.3170780704832779,0.7577874586419434,0.92,FALSE,0.273
"Pkp4","Q68FH0",-0.6786403897145517,0.6881152742027286,0.916,FALSE,0.653
"Plak","Q02257",2.9187020402151678,0.9589045113992409,0.928,FALSE,0.0366
"Plk1","Q07832",-0.157319550168206,0.8476733196209219,0.924,FALSE,-0.206
"Plpl6","Q3TRM4-2",-2.549345403399383,0.8942635746757958,0.926,FALSE,0.18
"Plrg1","Q922V4",0.6127536321335194,0.016568530472911805,0.611,FALSE,-3.88
"Pogz","Q8BZH4",2.3762937740662746,0.14000326411203223,0.841,FALSE,-0.947
"Pp1a","P62137",2.0188759176672537,0.8103941612791572,0.922,FALSE,-0.25
"Pp1b","P62141",-0.8362711192966897,0.0748889579609672,0.794,FALSE,-2.29
"Pp1g","P63087",-1.7403347827935916,0.07407216593380196,0.793,FALSE,-1.9
"Pp1ra","Q80W00",-1.1898876800335947,7.42216217324659e-4,0.0748,FALSE,-4.68
"Ppbt","P09242",1.9786419589610182,0.5049864054720915,0.905,FALSE,0.885
"Pphln","Q8K2H1",-2.3480293292308545,9.376084229183613e-6,5.16e-6,TRUE,-3.52
"Ppia","P17742",-0.9047764736122038,0.27764089452376706,0.879,FALSE,-1.76
"Ppig","A2AR02",1.0634858785854964,0.06664139609365588,0.784,FALSE,-2.32
"Ppih","Q9D868-2",-3.077224459684821,0.20118103722748676,0.862,FALSE,-1.57
"Ppil1","Q9D0W5",0.07710036987347316,0.0053464252843321396,0.398,FALSE,-2.05
"Ppil3","Q9D6L8",-2.588337697074777,3.3881774156866506e-6,7.17e-8,TRUE,-3.03
"Pr38a","Q4FK66",-0.01614773378368363,0.08327971106127885,0.803,FALSE,-2.33
"Pr38b","Q80SY5",-0.6260868425228678,0.011623062475411417,0.551,FALSE,-3.08
"Pr40a","Q9R1C7-2",2.68078970239097,0.05344749781062958,0.763,FALSE,-1.17
"Prc2c","Q3TLH4",-0.6502455259905155,0.39602331991504147,0.895,FALSE,0.9
"Prd10","Q3UTQ7",-3.1899131232246365,0.3010009279130495,0.883,FALSE,-0.811
"Prd15","E9Q8T2",-1.667459494030632,0.018501670859594272,0.629,FALSE,-3.06
"Prdx1","P35700",2.6569624260255766,0.11855052081508131,0.83,FALSE,0.605
"Prdx4","O08807",-2.537594596915031,0.48896952620618817,0.904,FALSE,-0.822
"Prp17","Q9DC48",-1.2187568705668586,0.0075943489703510746,0.47,FALSE,-3.47
"Prp19","Q99KP6",3.7125852079648487,0.637906591007398,0.914,FALSE,-0.281
"Prp31","Q8CCF0",-1.484695527572485,0.0014090003248963937,0.149,FALSE,-4.65
"Prp4","Q9DAW6",-2.0418523715180696,0.00011790347391134648,0.0041,TRUE,-4.07
"Prp4b","Q61136",2.7950616469667384,0.05001508454791882,0.756,FALSE,-1.62
"Prp6","Q91YR7",1.928460995475767,0.0848747141009899,0.805,FALSE,-2.28
"Prp8","Q99PV0",4.914624078266723,0.04871754218921287,0.754,FALSE,-1.08
"Prpf3","Q922U1",1.8323744235264068,0.3095628739110362,0.884,FALSE,-0.533
"Prs4","P62192",-2.714378107489214,0.6594650831530995,0.915,FALSE,0.594
"Prsr1","Q5PRE5",-1.9746389626717342,3.081629954724568e-7,2.94e-14,TRUE,-4.64
"Psa5","Q9Z2U1",-3.1218065426092583,0.11307651173221663,0.826,FALSE,1.43
"Psip1","Q99JF8-2",1.9110515502743015,0.7423458484458945,0.919,FALSE,0.328
"Psip1.1","Q99JF8",2.0276002437404195,0.6163761837969854,0.912,FALSE,0.234
"Psmd2","Q8VDM4",-2.3952045724738515,0.5708358482575389,0.91,FALSE,0.762
"Pspc1","Q8R326",0.00914113982008634,0.0035201193991445914,0.313,FALSE,-2.14
"Psrc1","Q9D0P7",-2.3640190596419246,0.026140999181219968,0.679,FALSE,2.83
"Ptprk","P35822",-1.156479612489334,0.812854775125517,0.922,FALSE,0.104
"Puf60","Q3UEB3-3",2.742055624534428,0.730165925095958,0.919,FALSE,0.259
"Pum3","Q8BKS9",1.3534117644239787,0.2693687671987597,0.877,FALSE,-1.26
"Pwp1","Q99LL5",-0.43061474305094743,0.701151362024923,0.917,FALSE,-0.2
"Pwp2a","Q69Z61",-0.1911340172240312,0.07210882375707761,0.791,FALSE,-1.01
"Pwp3a","Q6DID5",0.8931635258163506,0.04911763739934463,0.755,FALSE,-2.4
"Pyr1","B2RQC6-2",0.22912440055245867,0.03660257257552137,0.722,FALSE,3.1
"Q3kr45","Q3KR45",-2.9161013846361454,0.37113060065900766,0.892,FALSE,-0.822
"Q3thm8","Q3THM8",-2.28694120109069,0.4362175129107576,0.899,FALSE,-1.04
"Q3tix6","Q3TIX6",-1.280574294955932,0.23762485157188049,0.871,FALSE,-1.31
"Q3tjb1","Q3TJB1",-2.2867975089265955,1.6298661623883693e-5,3.16e-5,TRUE,-3.71
"Q3tmp1","Q3TMP1",0.4425862270166849,0.03678840666814504,0.723,FALSE,-1.69
"Q3tu25","Q3TU25",3.1330478560152746,0.026871113505972717,0.683,FALSE,-1.19
"Q3twv4","Q3TWV4",0.35264062107275224,0.07269356570277077,0.792,FALSE,2.7
"Q3ubl8","Q3UBL8",0.07247783628939564,0.004816062577628517,0.377,FALSE,-4.27
"Q3ujb0","Q3UJB0",4.39102256851725,0.0860999868670632,0.806,FALSE,-1.05
"Q3ula8","Q3ULA8",-0.9291168094844915,0.09553318112715309,0.814,FALSE,-2.64
"Q3v116","Q3V116",-1.4357163357952467,0.14303165808280455,0.842,FALSE,-1.41
"Q542v3","Q542V3",-1.9722147441046993,0.0557660385689722,0.767,FALSE,-1.98
"Q5rkn9","Q5RKN9",4.023278885971156,0.06924412216661983,0.787,FALSE,0.828
"Q642k5","Q642K5",1.3859088397238435,0.3575267365563417,0.891,FALSE,0.477
"Q68fg2","Q68FG2",0.615769905947234,0.002883927744609886,0.273,FALSE,3.92
"Q6nzl1","Q6NZL1",-1.3045845345567473,0.023608067217124492,0.665,FALSE,-3.54
"Q6p5b5","Q6P5B5",-3.0032207260345074,0.9318443959476665,0.927,FALSE,-0.0467
"Q6p6l6","Q6P6L6",0.23882170618850485,0.35746304177110044,0.891,FALSE,1.58
"Q6zwq9","Q6ZWQ9",4.6750834048551,0.04077488581444107,0.735,FALSE,1.31
"Q6zwz4","Q6ZWZ4",2.600068816389304,0.978494489353856,0.929,FALSE,-0.0167
"Q80y32","Q80Y32",-2.781170117731474,0.03729337357942244,0.724,FALSE,-2.27
"Q80zm5","Q80ZM5",1.9167880504134474,0.8022005097236694,0.922,FALSE,0.154
"Q8bgj5","Q8BGJ5",2.4552588601777545,0.9071983134922748,0.926,FALSE,-0.116
"Q8bzn7","Q8BZN7",4.933368819194503,0.20934790588356414,0.865,FALSE,-0.61
"Q8cg29","Q8CG29",-3.1036673068270897,0.597212248819418,0.911,FALSE,0.366
"Q8k1g7","Q8K1G7",-0.5866683352761328,0.27820812096945247,0.879,FALSE,-1.69
"Q8k1m3","Q8K1M3",-0.2721808075325207,0.21541526788747556,0.866,FALSE,-1.19
"Q8k205","Q8K205",-1.7545329080551681,0.02654508608876577,0.681,FALSE,-2.59
"Q8r0b4","Q8R0B4",1.1892801111794826,0.3861174980873928,0.894,FALSE,-0.881
"Q921k2","Q921K2",4.467440143629915,0.8925731072261498,0.926,FALSE,-0.201
"Q9cq73","Q9CQ73",-0.6534072493903796,0.19224476167315818,0.86,FALSE,-2.13
"Q9cqm8","Q9CQM8",3.7819704231289966,0.3282317190632073,0.887,FALSE,0.435
"Q9cxw7","Q9CXW7",3.9743198744379904,0.7919850126164658,0.921,FALSE,0.0806
"Q9cyj8","Q9CYJ8",1.0131248573288099,0.3849885128398072,0.894,FALSE,-0.532
"Q9dae2","Q9DAE2",4.152286287534211,0.07590494455583759,0.795,FALSE,-0.952
"Q9z1r9","Q9Z1R9",-3.2703504153901783,0.49863143339246674,0.904,FALSE,0.366
"Qcr2","Q9DB77",-0.6057410982011608,0.45304441772710136,0.901,FALSE,-0.618
"Qcr8","Q9CQ69",-0.7332912107479602,0.515929190242987,0.906,FALSE,-0.788
"Qser1","A0A338P6K9",-1.980484979370729,3.421859466944003e-6,7.49e-8,TRUE,-4.67
"Rab1b","Q9D1G1",-1.711828102964707,0.5396753281691058,0.907,FALSE,-0.593
"Rab5c","P35278",-3.0428347223309284,0.12819220816020702,0.835,FALSE,1.39
"Rad21","Q61550",-1.6814027524300548,2.4706808528214407e-7,2.94e-14,TRUE,-5.52
"Rai14","Q9EP71",3.2148333253337293,0.07082744264707808,0.789,FALSE,1.41
"Raly","Q64012",3.5070907931767357,0.029914910327714112,0.697,FALSE,-1.04
"Raly.1","Q64012-2",-2.829531384465069,0.039720076424312106,0.732,FALSE,-1.89
"Ran","P62827",1.4669628728774735,0.4980148822637822,0.904,FALSE,0.941
"Rase","Q7TN89",-3.4615837915928,0.2548886089292337,0.875,FALSE,0.319
"Rb39a","Q8BHD0",-3.436644431135793,0.5258781563840991,0.906,FALSE,0.204
"Rbbp4","Q60972",1.74554989361803,0.23154717065146474,0.87,FALSE,-0.423
"Rbbp5","Q8BX09",-0.04877106998694468,0.00287286503189844,0.272,FALSE,-1.19
"Rbbp6","P97868-2",1.8181472656142121,0.1328027363262769,0.837,FALSE,-1.95
"Rbbp7","Q60973",3.6745505235353693,0.6569520030007692,0.915,FALSE,0.133
"Rbm10","Q99KG3",-0.9932708306337434,0.009252181111869949,0.508,FALSE,-4.28
"Rbm14","Q8C2Q3",1.7520551377008986,0.19253369212065446,0.86,FALSE,0.671
"Rbm15","Q0VBL3",3.0062740119565476,0.004674864462095326,0.371,FALSE,-1.89
"Rbm22","Q8BHS3",0.7151809810904931,0.04204577026686794,0.738,FALSE,-3.16
"Rbm25","B2RY56",3.738585479483778,0.04491360779798202,0.745,FALSE,-0.878
"Rbm28","Q8CGC6",0.293374319469033,0.05593891511413636,0.768,FALSE,-2.62
"Rbm39","Q8VH51-2",4.967105823240026,0.1410744862466956,0.841,FALSE,0.586
"Rbm5","Q91YE7",-2.1608770821954715,2.466866392323714e-6,1.5e-8,TRUE,-4.12
"Rbm7","Q9CQT2",-2.080383868610067,1.2459356084838142e-6,4.3e-10,TRUE,-4.33
"Rbm8a","Q9CWZ3",1.3414670802866682,0.5364446837847534,0.907,FALSE,-0.428
"Rbps2","Q8VC52",-0.7304751470821913,0.10420306114447983,0.82,FALSE,-0.746
"Rcc1","Q8VE37",-0.5467238242568792,0.9818739207556626,0.929,FALSE,-0.0244
"Rcc2","Q8BK67",2.0999374582537245,0.4233415529633471,0.898,FALSE,-0.427
"Red","Q9Z1M8",2.9119298908636218,0.03296403744068561,0.709,FALSE,-1.45
"Requ","Q61103",-2.242596755188443,3.2543556816214606e-5,2.21e-4,TRUE,-3.84
"Resf1","Q5DTW7",-3.583501945847665,0.8600627086293341,0.924,FALSE,-0.0467
"Rest","Q8VIG1",2.6631672961904687,0.7071057315341948,0.917,FALSE,-0.428
"Rfc1","P35601",1.4874210780152006,0.5596370287554144,0.909,FALSE,0.373
"Rfc2","Q9WUK4",-0.8749140005870286,0.817833482476592,0.923,FALSE,-0.127
"Rfc3","Q8R323",1.3776437304252875,0.4202522448084509,0.897,FALSE,-0.512
"Rfc4","Q99J62",2.0512760448129908,0.5888168642554938,0.911,FALSE,-0.362
"Rfc5","Q9D0F6",0.9249010478258279,0.9424146428169708,0.928,FALSE,0.0658
"Rgap1","Q9WVM1",0.3467837696645333,0.06420887570070377,0.781,FALSE,1.85
"Rif1","Q6PR54",5.169157192542924,0.19142648091171136,0.86,FALSE,-0.775
"Ring1","O35730",-0.7483622017919972,0.07494326081874152,0.794,FALSE,-0.697
"Ring2","Q9CQJ4",2.509022306607902,0.585384968130978,0.911,FALSE,0.293
"Riox1","Q9JJF3",0.735893218657976,0.14453012081434752,0.843,FALSE,-1.63
"Rl10a","P53026",4.150052930529849,0.31794779475874646,0.885,FALSE,0.382
"Rl11","Q9CXW4",1.456926608842002,0.6164315560467694,0.912,FALSE,0.376
"Rl12","P35979",1.8445124087991618,0.976167593169119,0.929,FALSE,-0.0267
"Rl13","P47963",4.477942371826893,0.36688286356004085,0.892,FALSE,0.34
"Rl13a","P19253",2.6960256094444244,0.45841362682114717,0.901,FALSE,0.419
"Rl14","Q9CR57",3.653809709559793,0.3592472002058642,0.891,FALSE,0.35
"Rl15","Q9CZM2",3.840986922916445,0.8990078054768296,0.926,FALSE,0.0507
"Rl17","Q9CPR4",3.679114758790865,0.8632188428881246,0.924,FALSE,0.0723
"Rl18","P35980",4.0667610869249415,0.18596210919363595,0.858,FALSE,0.528
"Rl19","P84099",3.5068865099689908,0.8038472002306645,0.922,FALSE,0.136
"Rl1d1","Q8BVY0",3.9237450790156294,0.9013586984484904,0.926,FALSE,-0.081
"Rl22","P67984",1.9791751160975029,0.4927329629495004,0.904,FALSE,0.267
"Rl22l","Q9D7S7",-0.24682997209089574,0.8667033769525732,0.925,FALSE,-0.251
"Rl23","P62830",2.0272384201523015,0.5415792189480945,0.908,FALSE,-0.662
"Rl23a","P62751",3.5487820187289314,0.9773153023465636,0.929,FALSE,0.0124
"Rl24","Q8BP67",3.2717782970419114,0.9235810983267261,0.927,FALSE,0.0337
"Rl26","P61255",3.6663579527133043,0.7030189958162865,0.917,FALSE,0.125
"Rl27","P61358",4.4935277250619325,0.28842807701810824,0.881,FALSE,0.302
"Rl27a","P14115",2.6565145367636736,0.10945694784981432,0.824,FALSE,0.499
"Rl28","P41105",3.424040120233394,0.9376700896461934,0.927,FALSE,0.037
"Rl29","P47915",2.825608767132808,0.8004960239129095,0.922,FALSE,0.0979
"Rl3","P27659",4.650669156651831,0.8098350786871584,0.922,FALSE,0.0981
"Rl30","P62889",2.326373502665201,0.8243434854299518,0.923,FALSE,0.238
"Rl31","P62900",3.1354833238842006,0.3931326894995528,0.895,FALSE,0.391
"Rl32","P62911",2.8836589530400554,0.9381174200844502,0.927,FALSE,0.086
"Rl34","Q9D1R9",1.092947914209937,0.6749934290172287,0.916,FALSE,0.416
"Rl35","Q6ZWV7",3.0819696994983734,0.6557130601954277,0.915,FALSE,0.176
"Rl35a","O55142",2.992098041456275,0.7859244313432903,0.921,FALSE,0.0968
"Rl36a","P83882",-1.3206547155462627,0.17844814021504032,0.856,FALSE,-2.08
"Rl37","Q9D823",-2.6293308670028863,0.057997920015201404,0.771,FALSE,-1.99
"Rl37a","P61514",0.5150377078163677,0.5316984477863524,0.907,FALSE,-0.38
"Rl38","Q9JJI8",0.7557252559755324,0.5889617951621131,0.911,FALSE,-0.842
"Rl39","P62892",0.19235606075636424,0.3657019397636089,0.892,FALSE,-1.2
"Rl4","Q9D8E6",5.28765306019613,0.3769879771211919,0.893,FALSE,0.272
"Rl5","P47962",3.0303996221314415,0.8768181635883607,0.925,FALSE,0.0644
"Rl6","P47911",5.070992462725102,0.4502956483592797,0.9,FALSE,0.242
"Rl7","P14148",4.948949051114445,0.18322036725229499,0.857,FALSE,0.423
"Rl7a","P12970",4.60061039616614,0.3963722472559582,0.895,FALSE,0.309
"Rl7l","Q9D8M4",-2.1691615537537166,0.6545780247166713,0.915,FALSE,-0.623
"Rl8","P62918",4.376800656293673,0.1637744578371229,0.851,FALSE,0.493
"Rl9","P51410",-0.4710255692019811,0.5397115337398509,0.907,FALSE,-1.05
"Rla0","P14869",3.6085847290496926,0.6490027586514047,0.914,FALSE,0.146
"Rla1","P47955",0.28997579509895677,0.9824957269843073,0.929,FALSE,-0.0119
"Rla2","P99027",2.6953332106665426,0.7916719732985851,0.921,FALSE,-0.28
"Rm02","Q9D773",-2.4495639553096176,1.0480580870678774e-5,7.51e-6,TRUE,-3.22
"Rm09","Q99N94",-2.72377451330792,0.0341228683259987,0.714,FALSE,-2.44
"Rm11","Q9CQF0",1.4818293290803966,0.3234949750247609,0.886,FALSE,0.603
"Rm13","Q9D1P0",-2.2568361142275144,1.8090388547002767e-5,4.3e-5,TRUE,-3.61
"Rm14","Q9D1I6",-1.7192773744882688,0.33418538596459463,0.888,FALSE,1.7
"Rm15","Q9CPR5",-2.4495639553096176,1.0480580870678774e-5,7.51e-6,TRUE,-3.22
"Rm21","Q9D1N9",-2.863526503994194,0.46451841087126367,0.902,FALSE,-0.664
"Rm23","O35972",-2.5357628164328263,9.493955174023201e-6,5.38e-6,TRUE,-2.87
"Rm24","Q9CQ06",-3.224773361516007,0.258963119007349,0.876,FALSE,-0.938
"Rm27","Q99N92",-3.155113219590596,0.20973516419825147,0.865,FALSE,-1.33
"Rm43","Q99N89",-3.33823610982372,0.898382346559127,0.926,FALSE,0.0687
"Rm45","Q9D0Q7",-2.931404305719896,0.028789446956018136,0.692,FALSE,-2
"Rm46","Q9EQI8",1.1884648445847086,0.7490997617012017,0.919,FALSE,-0.248
"Rm50","Q8VDT9",-3.2592563968375505,0.20029657484427285,0.862,FALSE,-1.02
"Rm54","Q9CPW3",-2.539327044394851,0.05261668321343966,0.762,FALSE,-2.26
"Rmxl1","Q91VM5",3.4460108163811856,0.2406342944740103,0.872,FALSE,-1.67
"Rnps1","Q99M28",2.7688502756789837,0.03806429580842791,0.727,FALSE,-1.38
"Roa0","Q9CX86",0.5068060878053042,0.6747294612667027,0.916,FALSE,0.458
"Roa1","P49312",1.1904146297635871,0.9034820510545479,0.926,FALSE,-0.112
"Roa2","O88569-2",-0.18030285824785455,0.09940522447196848,0.817,FALSE,-2.52
"Roa2.1","O88569",-3.583501945847665,0.8600627086293341,0.924,FALSE,-0.0467
"Roa3","Q8BG05",4.566278012567815,0.0241289697828,0.668,FALSE,-1.07
"Roaa","Q99020",-2.4971574949342776,0.028848868873883448,0.692,FALSE,-2.93
"Rp9","P97762",1.9899101679878641,0.062461204717157395,0.778,FALSE,1.36
"Rpa1","O35134",0.49223795368429896,0.0026164556005591113,0.254,FALSE,-4.49
"Rpa12","Q791N7",-2.8146551621136684,0.0293547378171623,0.695,FALSE,-2.35
"Rpa2","P70700",-0.976940396058689,0.013109361441974022,0.572,FALSE,-4.25
"Rpa34","Q76KJ5",-1.9640905152162778,6.970043937637146e-6,1.72e-6,TRUE,-4.17
"Rpa49","Q8K202",-0.5176741488016379,0.02776070212571826,0.687,FALSE,-4.36
"Rpab1","Q80UW8",1.3925434665937468,0.07120346505803186,0.79,FALSE,-1.16
"Rpab2","P61219",-0.6926032614843929,0.2505354600926665,0.874,FALSE,-1.82
"Rpab3","Q923G2",0.8891584856119195,0.08060886705399987,0.8,FALSE,-1.56
"Rpab4","Q63871",-1.3934538967918855,0.47813454303083647,0.903,FALSE,-0.929
"Rpab5","P62876",-0.7637694919218443,0.22119029506907043,0.867,FALSE,-1.86
"Rpac1","P52432",1.2237104140434052,0.1309035679134442,0.836,FALSE,-0.905
"Rpb1","P08775",4.556054877080051,0.5934205282847664,0.911,FALSE,-0.714
"Rpb11","O08740",-2.2207040750437645,2.081159730294733e-5,6.32e-5,TRUE,-4.14
"Rpb2","Q8CFI7",4.532218062915601,0.09620578354836572,0.815,FALSE,-0.737
"Rpb3","P97760",0.1644619651167899,0.025112559503479855,0.674,FALSE,-1.64
"Rpb4","Q9D7M8",-1.8218267474600651,5.99714346063257e-7,4.87e-12,TRUE,-4.6
"Rpb7","P62488",-1.9440455936510994,1.8323988485550669e-7,2.94e-14,TRUE,-4.97
"Rpn1","Q91YQ5",-0.18215820486972728,0.17050817161884715,0.853,FALSE,-2.01
"Rpr1b","Q9CSU0",-1.3938617356593939,0.001674100821368842,0.175,FALSE,-4.07
"Rprd2","Q6NXI6-2",-1.398526964429663,2.0419290340575708e-8,2.94e-14,TRUE,-6.19
"Rrbp1","Q99PL5",3.8235208996672476,0.8706498994651001,0.925,FALSE,0.224
"Rreb1","Q3UH06",-1.828792315710914,0.07704166415083873,0.797,FALSE,-2.33
"Rrp12","Q6P5B0",3.9029246003406786,0.5919631576239368,0.911,FALSE,0.396
"Rrp1b","Q91YK2",2.8492629794350823,0.04781077103715216,0.752,FALSE,-1.82
"Rrp5","Q6NS46",-3.2592563968375505,0.20029657484427285,0.862,FALSE,-1.02
"Rrp8","Q9DB85",0.5320967943731562,0.041874568321481294,0.737,FALSE,-3.39
"Rrs1","Q9CYH6",1.116101420696027,0.020794290238039664,0.647,FALSE,-2.63
"Rs11","P62281",3.894310980363303,0.7535809100210102,0.92,FALSE,0.141
"Rs12","P63323",-2.43670133705576,0.38209058705121435,0.893,FALSE,-1.01
"Rs13","P62301",3.8072984947104818,0.9319363851107073,0.927,FALSE,-0.0339
"Rs14","P62264",2.205403340685996,0.4792826262182156,0.903,FALSE,-0.337
"Rs15","P62843",1.925946172704287,0.6028323754439402,0.912,FALSE,-0.527
"Rs15a","P62245",-0.6688464484293685,0.01095918354000603,0.54,FALSE,-2.65
"Rs16","P14131",3.7216061025717515,0.3716463898689703,0.892,FALSE,0.341
"Rs17","P63276",1.3667180137508224,0.17979688424062704,0.856,FALSE,0.995
"Rs18","P62270",3.938913270699946,0.39705871908865176,0.895,FALSE,0.291
"Rs19","Q9CZX8",2.4238918755104013,0.2942486884330463,0.882,FALSE,0.714
"Rs2","P25444",-0.8527704582450528,0.06937041621730893,0.788,FALSE,-2.16
"Rs20","P60867",1.6587315614036002,0.19059820854266135,0.859,FALSE,0.611
"Rs23","P62267",3.2482017373846346,0.29152966448513584,0.881,FALSE,0.464
"Rs24","P62849",3.1209926416760725,0.8957491293246983,0.926,FALSE,-0.0611
"Rs26","P62855",0.1369073976983958,0.8046492019017649,0.922,FALSE,0.365
"Rs27","Q6ZWU9",-0.5078518050495199,0.010781026416892296,0.537,FALSE,2.72
"Rs27a","P62983",0.7810712185740449,0.4135281397727033,0.897,FALSE,1.11
"Rs3","P62908",3.185637979153851,0.9670926070068812,0.928,FALSE,0.0147
"Rs3a","P97351",4.550401232736239,0.4491932498589758,0.9,FALSE,0.232
"Rs4x","P62702",4.7120679410551825,0.22930897368548633,0.869,FALSE,0.429
"Rs5","P97461",0.36101561144842254,0.2750022623885767,0.878,FALSE,0.776
"Rs6","P62754",4.83744098625262,0.2813320646774757,0.88,FALSE,0.345
"Rs7","P62082",-0.24291410067014935,0.2898904024876211,0.881,FALSE,1.62
"Rs8","P62242",4.448730676462924,0.08264892002335471,0.803,FALSE,0.575
"Rs9","Q6ZWN5",1.7708423658810546,0.9759501127273658,0.929,FALSE,0.0275
"Rsmn","P63163",0.2969640259019212,0.3202735006310152,0.886,FALSE,-0.952
"Rt05","Q99N87",-2.2588622405035923,0.2508663085705009,0.874,FALSE,-1.66
"Rt09","Q9D7N3",-2.4778880376875603,0.5287898144893204,0.907,FALSE,-0.734
"Rt11","Q9DCA2",-3.520095804991748,0.8763510153116882,0.925,FALSE,-0.0467
"Rt12","O35680",0.7186814980843557,0.740326769482802,0.919,FALSE,0.236
"Rt22","Q9CXW2",-3.0215808479985125,0.31165702058243305,0.884,FALSE,-0.927
"Rt24","Q9CQV5",-1.8738524295169425,0.025131145452919945,0.674,FALSE,-2.46
"Rt27","Q8BK72",-2.4832635763144317,0.03856671219103776,0.728,FALSE,-2.8
"Rt34","Q9JIK9",-2.487897044066023,0.5079450899934147,0.905,FALSE,-0.785
"Rtraf","Q9CQE8",-3.16136722066009,0.2657668824054648,0.877,FALSE,-0.938
"Ru2a","P57784",1.2163385437167782,0.09201772884248303,0.811,FALSE,-1.18
"Ru2b","Q9CQI7",1.0222258531432793,0.9982616203814632,0.93,FALSE,8.51e-4
"Ruvb1","P60122",2.865656558678089,0.24235928154294456,0.872,FALSE,-1.05
"Ruvb2","Q9WTM5",3.052351937690983,0.8409154717167184,0.924,FALSE,-0.142
"Ruxe","P62305",-2.814316866937604,0.03641920574904527,0.721,FALSE,-1.93
"Ruxf","P62307",-0.6831439758648522,0.009803882207634252,0.519,FALSE,-3.06
"Ruxg","P62309",-2.30304473577381,1.3548772037913972e-5,1.76e-5,TRUE,-3.39
"Rybp","Q8CCI5",-3.2592563968375505,0.20029657484427285,0.862,FALSE,-1.02
"S30bp","Q02614",-1.903710700603793,1.4107001829105316e-4,0.00568,TRUE,-4.05
"S47a2","Q3V050",-3.520095804991748,0.8763510153116882,0.925,FALSE,-0.0467
"S4r1w5","S4R1W5",-1.967255064691151,2.2041703050684608e-6,8.88e-9,TRUE,-4.66
"S61a1","P61620",-0.43328392551918565,0.9801330338515815,0.929,FALSE,-0.0392
"S61a2","Q9JLR1",-2.0638799620352395,8.611394142723092e-4,0.0891,FALSE,-3.25
"Safb1","D3YXK2",2.736689687038009,0.17774476018555496,0.855,FALSE,-1.85
"Safb2","Q80YR5",-0.6870500793560329,0.003733962416764417,0.324,FALSE,-4.88
"Sall1","Q9ER74",-0.8715721879604361,0.0026915558550239796,0.26,FALSE,-4.7
"Sall4","Q8BX22",3.106109055523908,0.7990901834637478,0.922,FALSE,-0.177
"Sap18","O55128",2.5170624004101034,0.20584569673922873,0.864,FALSE,-0.599
"Sap30","O88574",-2.0389185975772266,0.38617620594637836,0.894,FALSE,-1.39
"Scc4","Q9D2X5",-2.6526719493084574,0.025745283602546982,0.677,FALSE,-2.84
"Scrib","Q80U72",0.3660768926263739,0.40577177759940797,0.896,FALSE,1.28
"Sds3","Q8BR65",-0.0797707055696054,0.014782215287690066,0.593,FALSE,-1.86
"Senp3","Q9EP97",2.560421299079691,0.4477314061203148,0.9,FALSE,-0.607
"Set1a","E9PYH6",-3.1589494354713015,0.1962280898006525,0.861,FALSE,-1.32
"Setd2","E9Q5F9",-1.0600741162971883,0.0024528042067747564,0.242,FALSE,-4.13
"Sf01","Q64213",-2.24749269409144,8.75128213036336e-7,6.14e-11,TRUE,-3.82
"Sf3a1","Q8K4Z5",2.5404912169668448,0.11637942628688243,0.828,FALSE,-2.06
"Sf3a3","Q9D554",2.6343539909779183,0.09195696487089242,0.811,FALSE,-0.811
"Sf3b1","Q99NB9",4.294389920890198,0.02593895056898633,0.678,FALSE,-1.24
"Sf3b3","Q921M3",4.38120537736968,0.1210337409813694,0.831,FALSE,-0.758
"Sf3b4","Q8QZY9",-0.9993550748323381,0.9824672322871774,0.929,FALSE,-0.0396
"Sf3b5","Q923D4",0.9880216153900311,0.004771225828497191,0.375,FALSE,-1.52
"Sf3b6","P59708",-1.9397727238650795,0.0024141807166215565,0.239,FALSE,-3.44
"Sfpq","Q8VIJ6",3.855248969301985,0.8623302188757067,0.924,FALSE,0.0821
"Sfr19","Q5U4C3",1.466198340433053,0.10250567661123124,0.819,FALSE,-1.48
"Sgo2","Q7TSY8",-1.6542095017612222,1.7460974956546972e-5,3.88e-5,TRUE,-4.98
"Shcaf","Q8C8M1",-2.407686163184487,0.1930340534952246,0.86,FALSE,1.54
"Si1l3","G3X9J0",-0.13359745114578864,0.8610777266384761,0.924,FALSE,0.166
"Sin3a","Q60520",3.609953412960844,0.673315333636828,0.916,FALSE,-0.497
"Sin3b","Q62141",-2.7285952370895226,0.04934542764662479,0.755,FALSE,-2.11
"Skp1","Q9WTX5",-0.9635611175693586,0.795044398483908,0.922,FALSE,0.506
"Skt","A2AQ25",3.607694483180402,0.1347557588177721,0.838,FALSE,1.15
"Sltm","Q8CH25",2.7653287621742617,0.004353833518208515,0.356,FALSE,-2.4
"Slx9","P58468",-2.3888651035494823,0.22231187869239918,0.868,FALSE,1.48
"Smc1a","Q9CU62",1.8214513545182107,0.004465380718097319,0.361,FALSE,-3.69
"Smc3","Q9CW03",1.25832826780124,0.04545243733667974,0.746,FALSE,-2.62
"Smc5","Q8CG46-2",-0.9666467480446669,0.03622559210493597,0.721,FALSE,-3.65
"Smc6","Q924W5",-1.923042251325549,6.759667440105405e-6,1.53e-6,TRUE,-4.42
"Smca1","Q6PGB8",4.57460163182213,0.32909635088806805,0.887,FALSE,-0.31
"Smca4","Q3TKT4",4.590197860909076,0.4796682846785245,0.903,FALSE,-0.354
"Smca5","Q91ZW3",5.650539419434532,0.6019072855722647,0.912,FALSE,-0.185
"Smce1","O54941",2.3524386564639186,0.3842280193059475,0.894,FALSE,-0.741
"Smd1","P62315",2.251593279705373,0.6382429123668614,0.914,FALSE,0.229
"Smd2","P62317",1.8185685097036042,0.4939897933603892,0.904,FALSE,-0.594
"Smd3","P62320",-0.20130999188707152,0.7265291993443155,0.918,FALSE,-0.529
"Smhd1","Q6P5D8",0.4806208793113207,0.052776994713123755,0.762,FALSE,-2.86
"Smrc1","P97496",3.9545763258293283,0.19167025807569127,0.86,FALSE,-0.686
"Smrc2","Q6PDG5",-1.7001539947256084,0.7985279338932174,0.922,FALSE,0.365
"Smrcd","Q04692-2",-1.4212428614018708,0.12722278690115432,0.834,FALSE,-2.38
"Smrd1","Q61466",2.789264350960849,0.9918416102593139,0.929,FALSE,-0.0122
"Smrd2","Q99JR8",-2.2867975089265955,1.6298661623883693e-5,3.16e-5,TRUE,-3.71
"Smu1","Q3UKJ7",2.1394230455528676,0.01955996055049498,0.638,FALSE,-1.59
"Snf5","Q9Z0H3-2",-0.9466066234473978,0.026224243385194117,0.68,FALSE,-3.63
"Snip1","Q8BIZ6",-3.2030749740880595,0.29398856434387094,0.882,FALSE,-0.873
"Snr40","Q6PE01",1.8782613229885725,0.11427126996791859,0.827,FALSE,-1.79
"Snrpa","Q62189",-0.9700568186504969,0.03403666856547084,0.713,FALSE,-3.81
"Sntb2","Q61235",-1.7883717878055798,0.872532919924018,0.925,FALSE,0.282
"Snut1","Q9Z315",1.7621225516046397,0.09183817809252091,0.811,FALSE,-1.93
"Snut2","Q3TIX9",-2.5905177458221065,0.028260065258056757,0.69,FALSE,-3.03
"Snw1","Q9CSN1",3.0233437676513866,0.40149285403006263,0.896,FALSE,-0.876
"Son","Q9QX47",0.728875982246598,0.015314762733940996,0.599,FALSE,-3.59
"Sossc","Q3TXT3",-2.7633079461842316,0.03657719569438557,0.722,FALSE,-2.19
"Sp130","Q8BIH0",0.8132061405586566,0.10094911299276073,0.818,FALSE,-1.19
"Spas2","Q8K1N4",-1.9244584230120565,0.31730190311656264,0.885,FALSE,1.51
"Spb1","Q9DBE9",-0.6690880975337651,0.0770811255120212,0.797,FALSE,-3.52
"Spf27","Q9D287",-0.07156198448703928,0.03903912732221199,0.73,FALSE,-1.18
"Spf45","Q8JZX4",0.9125849042153846,0.07754491258927074,0.797,FALSE,-2.89
"Spin1","Q61142",-2.8468465145795174,0.04114612231798709,0.736,FALSE,-1.84
"Spt4a","P63271",0.15982619499208545,0.35710947358400114,0.891,FALSE,-1.14
"Spt5h","O55201",3.1970610066396326,0.503255805270267,0.905,FALSE,-0.669
"Spt6h","Q62383",3.930537389821365,0.3842325459120951,0.894,FALSE,-1.01
"Sptb2","Q62261",5.995694419568666,0.5052651168930002,0.905,FALSE,0.336
"Sptn1","P16546-2",-2.0733690123423387,0.5113802917009866,0.905,FALSE,-0.871
"Sr140","Q6NV83",2.1447474845583527,0.13016621348041266,0.836,FALSE,-1.99
"Srbd1","Q497V5",0.44673950505571636,0.05433634585669633,0.765,FALSE,-3.56
"Src8","Q60598",2.812557445450368,0.03464006076400698,0.715,FALSE,1.58
"Srpk1","O70551",0.1441265714232594,0.8967404483719824,0.926,FALSE,0.116
"Srrm1","Q52KI8",0.2703385437226309,0.9895168221911372,0.929,FALSE,0.0112
"Srrm2","Q8BTI8",4.738777241716621,0.5278583227361033,0.907,FALSE,-0.235
"Srrt","Q99MR6",1.44894426772431,0.009658188698229958,0.516,FALSE,-1.9
"Srs10","Q9R0U0",1.422327898393782,0.16644058573068957,0.851,FALSE,-1.65
"Srsf1","Q6PDM2",2.9173470192525657,0.08783922658780044,0.807,FALSE,-0.92
"Srsf2","Q62093",-1.7545043084714997,0.48466343436490444,0.903,FALSE,-0.929
"Srsf3","P84104",2.9114633046150007,0.5895003050001683,0.911,FALSE,-0.175
"Srsf5","O35326",2.2476310364365775,0.2988142619937882,0.882,FALSE,-0.505
"Srsf6","Q3TWW8",2.510416680463138,0.18839531752952313,0.859,FALSE,-0.649
"Srsf9","Q9D0B0",1.3264775618611835,0.04322527388156497,0.741,FALSE,-1.69
"Ssf1","Q91YU8",1.1315116069150921,0.013078105887885648,0.572,FALSE,-1.61
"Ssrp1","Q08943",2.7691725007545323,0.2299028622227941,0.869,FALSE,-0.728
"Ssxt","Q62280",-3.4615837915928,0.2548886089292337,0.875,FALSE,0.319
"Stag2","O35638",-1.4005041978438415,2.1581694742472903e-8,2.94e-14,TRUE,-6.36
"Strbp","Q91WM1",-3.1958502559816337,0.20731943866767016,0.864,FALSE,-1.02
"Suca","Q9WUM5",-1.5169370577803112,0.781309862218221,0.921,FALSE,0.434
"Suh","P31266",1.8502141163945645,0.7732569159772948,0.921,FALSE,-0.31
"Sumo1","P63166",-2.38636241798726,0.39989734024552703,0.895,FALSE,-1.09
"Suz12","Q80U70",5.732855071107597,0.9600806115125844,0.928,FALSE,-0.0296
"Svil","Q8K4L3",5.332956060482828,0.5504965758773399,0.908,FALSE,0.264
"Sydc","Q922B2",-2.6791387861031706,0.01420645604900127,0.586,FALSE,2.51
"Syep","Q8CGC7",1.2606162458330823,0.6105979845074516,0.912,FALSE,0.507
"Syf1","Q9DCD2",1.705792561466355,0.05020350981582595,0.757,FALSE,-2.42
"Syf2","Q9D198",-2.122854732931264,1.80801732781873e-6,3.56e-9,TRUE,-4.01
"Symc","Q68FL6",-1.8907339835365864,0.27359238301127276,0.878,FALSE,1.79
"Taf10","Q8K0H5",-2.78725785484093,0.6961849231399291,0.917,FALSE,0.428
"Taf12","Q8VE65",-3.5450351654487546,0.8052696412650742,0.922,FALSE,0.0687
"Taf5","Q8C092",-0.6292960975265173,0.0011507036586538703,0.122,FALSE,-1.48
"Taso2","Q5DTT3",-2.268186655219516,0.34056931292090353,0.888,FALSE,-1.36
"Tasor","Q69ZR9",2.6916152162749767,0.0042800735368380555,0.352,FALSE,-1.81
"Tba1b","P05213",4.105470210320223,0.018922303334213474,0.632,FALSE,1.04
"Tbb2b","Q9CWF2",-0.8087302463929641,0.2594772498731377,0.876,FALSE,1.95
"Tbb4b","P68372",1.2465533208951127,0.20272068487639866,0.863,FALSE,1.13
"Tbb5","P99024",4.759947755184774,0.04419364065108057,0.743,FALSE,0.804
"Tbl1r","Q8BHJ5",-3.2592563968375505,0.20029657484427285,0.862,FALSE,-1.02
"Tcea3","P23881",-0.30600316312725157,0.25653878995510104,0.875,FALSE,-1.75
"Tcf20","Q9EPQ8",1.7002597714269416,0.6420774774538466,0.914,FALSE,-0.341
"Tcof","O08784",5.316628386595896,0.16939660711860846,0.853,FALSE,-0.725
"Tcpa","P11983",1.9223821079408068,0.0035285418341672115,0.313,FALSE,1.69
"Tcpb","P80314",1.4554745032831147,0.054245493970555364,0.765,FALSE,1.69
"Tcpd","P80315",0.8656115743170703,0.020857266201739354,0.647,FALSE,1.85
"Tcpe","P80316",0.5112922440963645,0.027526075705047767,0.686,FALSE,2.97
"Tcpg","P80318",-2.297837829744904,0.029481319027554135,0.695,FALSE,3.62
"Tcph","P80313",0.4994370149371632,0.004366813646959003,0.357,FALSE,3.29
"Tcpq","P42932",-1.7454671991615984,0.04285301894712175,0.74,FALSE,3.36
"Tcpz","P80317",1.7073579194007744,0.01196621852474371,0.556,FALSE,2.45
"Tcrg1","Q8CGF7",-3.052457341212516,0.2677257115228381,0.877,FALSE,-1.02
"Tdh","Q8K3F7",2.4112994609697336,0.622355929828271,0.913,FALSE,-0.452
"Tdif2","Q8R2M2",-2.3480293292308545,9.376084229183613e-6,5.16e-6,TRUE,-3.52
"Tecr","Q9CY27",-3.2592563968375505,0.20029657484427285,0.862,FALSE,-1.02
"Tefm","Q5SSK3",-1.967255064691151,2.2041703050684608e-6,8.88e-9,TRUE,-4.66
"Ten4","Q3UHK6",-2.0994419942849945,0.432819890056106,0.899,FALSE,1.23
"Tens3","Q5SSZ5",-3.477149471015213,0.19642593699913008,0.861,FALSE,0.366
"Tex10","Q3URQ0",2.6254883543150194,0.40938715248381863,0.896,FALSE,-0.748
"Tf2h2","Q9JIB4",-2.1738445756149827,0.7026407523610526,0.917,FALSE,-0.522
"Tf3c2","Q8BL74",-0.33007415585893896,0.026740425674959913,0.682,FALSE,-3
"Tf3c4","Q8BMQ2",0.5485099406713855,0.1439869595879087,0.843,FALSE,-1.69
"Tf3c5","Q8R2T8",-0.031230821535030834,0.333943918972121,0.888,FALSE,-0.652
"Tfam","P40630",-2.857676150686055,0.17327295231269535,0.854,FALSE,2.13
"Tfb1m","Q8JZM0",-2.73449288293577,0.3429013781322693,0.889,FALSE,-1.32
"Tfp11","Q9ERA6",-2.747642479150212,0.03414878326502272,0.714,FALSE,-2.36
"Tfr1","Q62351",-1.3664343187196926,0.13794107678970818,0.84,FALSE,-1.59
"Tgm1","Q9JLF6",-1.2399897029864986,0.03328272996093253,0.711,FALSE,2.95
"Thoc1","Q8R3N6",2.0530921203401142,0.002694668346117869,0.26,FALSE,-2.28
"Thoc2","B1AZI6",2.507024694607707,0.015039116304854707,0.596,FALSE,-2.33
"Thoc3","Q8VE80",-1.367291738186935,0.6014395054926394,0.912,FALSE,-0.807
"Thoc4","O08583",1.1751986915072747,0.6920670019578268,0.917,FALSE,0.218
"Thoc6","Q5U4D9",-0.31121532366605087,0.11463837371431491,0.827,FALSE,-2.49
"Thoc7","Q7TMY4",-1.7489275661177437,3.7655602272831006e-7,1.06e-13,TRUE,-4.63
"Tif1a","Q64127",0.39002621983799884,0.08417102976568204,0.804,FALSE,-0.637
"Tif1b","Q62318",5.7469892094798976,0.8435989372739333,0.924,FALSE,0.0624
"Tim50","Q9D880",-2.302706440597746,2.9141372536074645e-5,1.66e-4,TRUE,-2.97
"Tln1","P26039",-3.477149471015213,0.19642593699913008,0.861,FALSE,0.366
"Tm10c","Q3UFY8",-2.134374165371622,3.5862493752032297e-4,0.028,TRUE,-3.08
"Tmco1","Q921L3",-1.898708780192619,0.5178753684144894,0.906,FALSE,0.814
"Tmm33","Q9CR67",-3.1452001953427935,0.18071047374522875,0.856,FALSE,1.27
"Tmod2","Q9JKK7",0.006055985075639055,0.008488267685691121,0.491,FALSE,3.34
"Tmod3","Q9JHJ0",4.875209421377518,0.0371116742848227,0.724,FALSE,1.08
"Tom1","O88746",-2.2681562812121987,0.029626498468323166,0.696,FALSE,3.18
"Top1","Q04750",4.839783993458941,0.21501113097501,0.866,FALSE,-0.553
"Top2a","Q01320",6.2492058564164426,0.8712503173261851,0.925,FALSE,0.0546
"Top2b","Q64511",0.9789952189000335,0.49906920741133265,0.904,FALSE,-0.467
"Toprs","Q80Z37",-2.388019568807767,7.216436758064146e-5,0.00149,TRUE,-3.4
"Tp53b","P70399",-0.6182137734009623,0.024571330481802114,0.671,FALSE,-4.38
"Tpm1","P58771",4.191043086503801,0.08486389504169684,0.805,FALSE,1.54
"Tpm3.1","P21107-2",2.6578601225657312,0.16379979850654286,0.851,FALSE,0.646
"Tpm4","Q6IRU2",1.973537491801312,0.30247778494649025,0.883,FALSE,-0.649
"Tpr","F6ZDS4",-0.378183655884015,0.013119349233004628,0.572,FALSE,-3.59
"Tpx2","A2APB8",3.8631948098294426,0.7354201295213167,0.919,FALSE,0.158
"Tr150","Q569Z6",2.5025678234619195,0.012953552942505869,0.57,FALSE,-1.44
"Tra2b","P62996",3.790757720128768,0.15675365567042088,0.848,FALSE,-0.511
"Trap1","Q9CQN1",-0.35704093069043913,0.8577225381007891,0.924,FALSE,-0.13
"Tri33","Q99PP7",-2.506718103701027,0.5296021136010299,0.907,FALSE,-0.729
"Tripc","G5E870",4.681439515353398,0.16295398283346565,0.85,FALSE,-0.854
"Tryp","P00761",5.6417908736632745,0.3913856478086767,0.894,FALSE,0.319
"Ttf1","Q62187",-2.8929375253209857,0.037331378514372404,0.724,FALSE,-1.89
"Twf1","Q91YR1",2.2326025558225893,0.04045146709280453,0.734,FALSE,1.27
"Twf2","Q9Z0P5",-0.4967178478540874,0.0900576535916923,0.809,FALSE,3.16
"Txtp","Q8JZU2",-2.4238531885017833,0.5754897756920687,0.91,FALSE,-0.671
"Tyy1","Q00899",-2.4684382697226956,0.5496010947948907,0.908,FALSE,-0.727
"U2af1","Q9D883",1.6096559873792522,0.8466242279626598,0.924,FALSE,-0.1
"U2af2","P26369",0.2191575754620463,0.07226170930680949,0.791,FALSE,-2.96
"U520","Q6P4T2",5.1463717540654095,0.04275267299485479,0.74,FALSE,-1.01
"U5s1","O08810",-2.1638811445392463,0.013351824358759153,0.575,FALSE,-3.03
"Ubb","P0CG49",3.0206828489875046,0.6560329058429699,0.915,FALSE,0.234
"Ubp48","Q3V0C5",-1.4976075294942521,0.0017472697783310687,0.182,FALSE,-4.48
"Ubp7","Q6A4J8",2.529759388722599,0.10276500996508994,0.819,FALSE,-0.84
"Uchl5","Q9WUP7",-0.8927320998321943,0.06710872982799897,0.785,FALSE,-0.687
"Uhrf1","Q8VDF2",4.444043689088971,0.25234796286109545,0.874,FALSE,0.566
"Uif","Q91Z49",1.796785033980856,0.1038771780297844,0.82,FALSE,-1.77
"Usp9x","P70398",-1.7740950599616545,0.2490921815075501,0.874,FALSE,2.14
"Utf1","Q6J1H4",2.575927113185736,0.07185625294447553,0.791,FALSE,-1.47
"Utp23","Q9CX11",-2.387590058409946,0.10446844420379489,0.821,FALSE,-2.36
"V9gx76","V9GX76",3.5436200635238073,0.001158299381252668,0.123,FALSE,2.33
"V9gxb6","V9GXB6",-3.583501945847665,0.8600627086293341,0.924,FALSE,-0.0467
"Vdac2","Q60930",-0.5635531864996655,0.8794479304867964,0.925,FALSE,-0.13
"Vime","P20152",-0.2793969772768931,0.17650423565696752,0.855,FALSE,-2.19
"Vir","A2AIV2",1.7421134236119782,0.1268357310643732,0.834,FALSE,-1.98
"Wbp11","Q923D5",0.6302529742068455,0.05888221674664441,0.773,FALSE,-2.56
"Wdr1","O88342",3.897212232308618,0.00797113267887535,0.479,FALSE,1.54
"Wdr18","Q4VBE8",1.7594383848420536,0.07802488010126703,0.798,FALSE,-1.14
"Wdr33","Q8K4P0",0.5017052191841391,0.026486168300252393,0.681,FALSE,-2.89
"Wdr5","P61965",0.5546475948670008,0.8274571679846096,0.923,FALSE,-0.286
"Wdr61","Q9ERF3",0.005482218166868089,0.0537661856428892,0.764,FALSE,-1.51
"Wdr76","A6PWY4",-0.612717788807288,0.19532202976249113,0.861,FALSE,-1.78
"Wdr82","Q8BFQ4",-1.4109141111850463,0.03171672642244336,0.705,FALSE,-3.22
"Wiz","O88286",2.887879217454724,0.7371270694323768,0.919,FALSE,-0.181
"X1wi16","X1WI16",-3.5450351654487546,0.8052696412650742,0.922,FALSE,0.0687
"Xrn2","Q9DBR1",1.242438938898927,0.1596410605595081,0.849,FALSE,-0.989
"Ybox1","P62960",3.210262265698314,0.10415406376401802,0.82,FALSE,0.841
"Ybox3","Q9JKB3",1.659984845574552,0.8042411213810013,0.922,FALSE,0.193
"Yets2","Q3TUF7-3",-2.4493342815364523,1.9617476366971794e-5,5.37e-5,TRUE,-3.22
"Yets4","Q9CR11",-0.6963946768943552,0.08405789628732199,0.804,FALSE,-2.49
"Ylpm1","Q9R0I7",-0.660078743644121,0.002319742570094146,0.232,FALSE,-5.47
"Ytdc1","E9Q5K9-2",2.6842707840533087,0.016863606345748686,0.614,FALSE,-1.8
"Z280c","Q6P3Y5",-0.5312363242516657,0.11050421102963777,0.825,FALSE,-2.34
"Z518a","B2RRF6",2.173009210713987,0.2984961577361914,0.882,FALSE,-0.636
"Z518b","B2RRE4",1.7803146201888067,0.6207786635311159,0.913,FALSE,0.205
"Zbt11","G5E8B9",-1.6902788482383604,0.007268437676733637,0.461,FALSE,-3.36
"Zc11a","Q6NZF1",-0.4471499931498351,0.03570447903781953,0.719,FALSE,-4.17
"Zc21a","Q8BJH1",-2.1029965481981794,0.02216643954087209,0.656,FALSE,3.68
"Zc3h4","Q6ZPZ3",-1.7290136671179352,0.11902032305687295,0.83,FALSE,-1.86
"Zc3hd","E9Q784",0.6346377258871664,0.02707268432715447,0.684,FALSE,-3.46
"Zc3he","Q8BJ05-2",-1.5501824101362032,0.0014059218366397341,0.149,FALSE,-4.64
"Zcc17","Q9ESX4",0.09146257510678403,0.022399209354251937,0.658,FALSE,2.26
"Zch10","Q9CX48",-2.798434005069229,0.8989268270965599,0.926,FALSE,0.151
"Zch18","Q0P678",2.0636309655864284,0.3388958663406388,0.888,FALSE,-1.12
"Zchc8","Q9CYA6",-2.716184226123013,0.035586423010224875,0.719,FALSE,-2.42
"Zfp57","Q8C6P8",1.1208605921905146,0.07675959004510319,0.796,FALSE,0.846
"Zfr","O88532",1.128493463163542,0.46245015892826236,0.901,FALSE,-0.696
"Zmym2","Q9CU65",-1.3165982279864508,0.001666509293963305,0.175,FALSE,-3.9
"Zmym3","Q9JLM4",-2.0723712804165446,9.617094228673358e-7,1.03e-10,TRUE,-4.03
"Zmym4","A2A791",0.720559386578759,0.06635750389674475,0.784,FALSE,-1.95
"Zn106","O88466",-1.9497695627425047,9.592139713230993e-7,1.02e-10,TRUE,-4.95
"Zn207","Q9JMD0",-2.0362345847156766,0.8404911258427304,0.924,FALSE,-0.318
"Zn219","Q6IQX8",0.156478299557527,0.20231913137857782,0.863,FALSE,-1.5
"Zn263","Q8CF60",-3.22078961643864,0.2535207007921077,0.874,FALSE,-0.904
"Zn281","Q99LI5",0.1899192935843008,0.8210221986690608,0.923,FALSE,0.109
"Zn292","Q9Z2U2",-0.8204023271898646,0.0069250782680421305,0.451,FALSE,-4.7
"Zn296","E9Q6W4",-1.8792825798526556,1.922758371692826e-6,4.8e-9,TRUE,-4.61
"Zn326","O88291",-1.1688167207094258,5.324695320123481e-4,0.0493,TRUE,-4.9
"Zn431","E9QAG8",-2.486803070996014,1.9229925214016442e-5,5.09e-5,TRUE,-3.34
"Zn462","B1AWL2",2.2031256162849235,0.21842854908549023,0.867,FALSE,-0.909
"Zn512","Q69Z99",-1.2322530750085683,0.002605787717536032,0.253,FALSE,-4.01
"Zn638","Q61464-5",2.1627225449117136,0.05322746841137373,0.763,FALSE,-2.78
"Zn652","Q5DU09-2",-3.1863065811170963,0.3180935341520786,0.885,FALSE,-0.822
"Znhi3","Q9CQK1",-2.2078937802163985,0.22633956364001573,0.869,FALSE,1.52
"Zo1","P39447",2.138857870416809,0.05609469079262929,0.768,FALSE,3.39
"Zo2","Q9Z0U1",3.7245797489175754,0.017833846578131803,0.623,FALSE,1.3
"Zsc10","Q3URR7",0.9731875316733187,0.13242345848114495,0.837,FALSE,-2.44
"Zzz3","Q6KAQ7",-3.2171830743311003,0.27067561678126456,0.878,FALSE,-0.915
