"name","ID","Mean_PSM","∆ex4vsWT_p.val","∆ex4vsWT_p.adj","∆ex4vsWT_significant","∆ex4vsWT_ratio","Label","pretty_name","Label_fill"
"1433t","P68254-1",1.75844412178688,0.7736749098268775,0.989,FALSE,0.15,FALSE,"1433t","white"
"2aaa","Q76MZ3-2",0.29639751643461604,0.9626435863560934,0.991,FALSE,-0.0222,FALSE,"2aaa","white"
"A0a0a6yw01","A0A0A6YW01",1.512783320801103,0.7413888379807716,0.988,FALSE,0.15,FALSE,"A0a0a6yw01","white"
"A0a0a6yw33","A0A0A6YW33",0.5743959888699942,0.24749623855701544,0.973,FALSE,-0.67,FALSE,"A0a0a6yw33","white"
"A0a0a6ywg8","A0A0A6YWG8",0.7897327481572096,0.3572450805590523,0.98,FALSE,-0.342,FALSE,"A0a0a6ywg8","white"
"A0a0b4j1e2","A0A0B4J1E2",4.624356952145415,0.6193090219609935,0.987,FALSE,-0.139,FALSE,"A0a0b4j1e2","white"
"A0a0g2jgy8","A0A0G2JGY8",1.7924669648892195,0.8771533956051496,0.99,FALSE,0.0423,FALSE,"A0a0g2jgy8","white"
"A0a0g2jh09","A0A0G2JH09",0.5167198574028747,0.5494467546724586,0.985,FALSE,-0.463,FALSE,"A0a0g2jh09","white"
"A0a0n4sv80","A0A0N4SV80",3.2535950302939565,0.997017414172663,0.991,FALSE,0.00137,FALSE,"A0a0n4sv80","white"
"A0a0n4svc2","A0A0N4SVC2",3.4874051545549762,0.40957787779459953,0.982,FALSE,-0.306,FALSE,"A0a0n4svc2","white"
"A0a0r4j0j6","A0A0R4J0J6",3.2744398886556088,0.06889792773675203,0.91,FALSE,1.01,FALSE,"A0a0r4j0j6","white"
"A0a0r4j2b5","A0A0R4J2B5",0.9406150348423239,0.7867126734849466,0.989,FALSE,0.237,FALSE,"A0a0r4j2b5","white"
"A0a0u1rq54","A0A0U1RQ54",0.6949551765335874,0.5041776872208732,0.985,FALSE,-0.429,FALSE,"A0a0u1rq54","white"
"A0a140t8t4","A0A140T8T4",1.5282990067108753,0.16297340594850424,0.961,FALSE,-1.04,FALSE,"A0a140t8t4","white"
"A0a1b0gqw6","A0A1B0GQW6",2.829539782965096,0.5655145870960727,0.986,FALSE,-0.16,FALSE,"A0a1b0gqw6","white"
"A0a1b0gr50","A0A1B0GR50",2.307244127792291,0.3443446901488252,0.979,FALSE,0.366,FALSE,"A0a1b0gr50","white"
"A0a1b0grr8","A0A1B0GRR8",2.2856970526690614,0.19211710205274077,0.966,FALSE,0.537,FALSE,"A0a1b0grr8","white"
"A0a1l1sqs5","A0A1L1SQS5",0.33329600699139955,0.8222528600223739,0.989,FALSE,-0.096,FALSE,"A0a1l1sqs5","white"
"A0a1l1sst0","A0A1L1SST0",0.7276786309521158,0.42276477849355965,0.982,FALSE,0.449,FALSE,"A0a1l1sst0","white"
"A0a1w2p7h4","A0A1W2P7H4",4.562677690400133,0.8443096035584369,0.99,FALSE,0.0697,FALSE,"A0a1w2p7h4","white"
"A0a1w2p871","A0A1W2P871",0.9540016073715777,0.37944021683117074,0.981,FALSE,0.386,FALSE,"A0a1w2p871","white"
"A0a2i3brq7","A0A2I3BRQ7",2.765324247144862,0.9020632560429475,0.99,FALSE,-0.0318,FALSE,"A0a2i3brq7","white"
"A0a2r8vi28","A0A2R8VI28",1.248614344913361,0.9897775934669362,0.991,FALSE,0.0113,FALSE,"A0a2r8vi28","white"
"A0a338p7k4","A0A338P7K4",-0.024772047617561316,0.8489140209841926,0.99,FALSE,-0.0466,FALSE,"A0a338p7k4","white"
"A0a3b2w430","A0A3B2W430",1.1511242554673558,0.4861568048799747,0.984,FALSE,0.658,FALSE,"A0a3b2w430","white"
"A0a3b2wbm3","A0A3B2WBM3",2.7360999442304723,0.4915387536461241,0.984,FALSE,0.483,FALSE,"A0a3b2wbm3","white"
"A0a3q4l2w0","A0A3Q4L2W0",0.8333057248659497,0.5063083352691448,0.985,FALSE,0.237,FALSE,"A0a3q4l2w0","white"
"A0a3q4l393","A0A3Q4L393",3.988675334508376,0.7746569468191549,0.989,FALSE,-0.121,FALSE,"A0a3q4l393","white"
"A0a494b947","A0A494B947",1.829529624757125,0.30463904830759325,0.977,FALSE,0.506,FALSE,"A0a494b947","white"
"A0a494b9a7","A0A494B9A7",1.9300541506938862,0.6773488735236406,0.988,FALSE,0.216,FALSE,"A0a494b9a7","white"
"A0a494bb98","A0A494BB98",0.314670664429834,0.06504514171058785,0.905,FALSE,-0.8,FALSE,"A0a494bb98","white"
"A0a571be94","A0A571BE94",2.7486346919756937,0.505437069591157,0.985,FALSE,-0.322,FALSE,"A0a571be94","white"
"A2a654","A2A654",2.0710277504052517,0.16890727864190583,0.962,FALSE,-0.707,FALSE,"A2a654","white"
"A2aim4","A2AIM4",2.8714574398102948,0.0435890086236413,0.854,FALSE,-2.12,FALSE,"A2aim4","white"
"A2akv1","A2AKV1",0.8869585176027712,0.17278799874868092,0.963,FALSE,1.01,FALSE,"A2akv1","white"
"A2art4","A2ART4",0.5743985944339732,0.044388319584895156,0.857,FALSE,-1.34,FALSE,"A2art4","white"
"A2awf2","A2AWF2",0.9532336268188736,0.4910890657512613,0.984,FALSE,0.477,FALSE,"A2awf2","white"
"A2awt5","A2AWT5",2.276946541123655,0.13077978561558246,0.952,FALSE,-1.48,FALSE,"A2awt5","white"
"A2cg76","A2CG76",3.3569215933962275,0.44910851666638485,0.983,FALSE,0.446,FALSE,"A2cg76","white"
"Aass","Q99K67",0.33329600699139955,0.8222528600223739,0.989,FALSE,-0.096,FALSE,"Aass","white"
"Acinu","Q9JIX8",5.243717657927672,0.3701049627798433,0.98,FALSE,-0.294,FALSE,"Acinu","white"
"Actb","P60710",5.530788631423326,0.1846692594111843,0.965,FALSE,-0.502,FALSE,"Actb","white"
"Actn1","Q7TPR4",1.6921023492402905,0.49838217867130985,0.984,FALSE,-0.7,FALSE,"Actn1","white"
"Acts","P68134",2.4226966735741784,0.2192494985494555,0.97,FALSE,-0.727,FALSE,"Acts","white"
"Adnp","Q9Z103",2.4436209508855864,0.45488296443226806,0.983,FALSE,0.401,FALSE,"Adnp","white"
"Adppt","Q9CQF6",-4.991679296632393e-5,0.6892481293485575,0.988,FALSE,-0.096,FALSE,"Adppt","white"
"Adt1","P48962",0.10500754591862993,0.30949022421514344,0.977,FALSE,0.361,FALSE,"Adt1","white"
"Adt2","P51881",3.1484268478742217,0.2483357799490683,0.973,FALSE,0.426,FALSE,"Adt2","white"
"Aebp2","Q9Z248",2.3605490921812096,3.120084008670189e-5,1.19e-12,TRUE,-4.24,TRUE,"Aebp2","forestgreen"
"Af10","O54826",2.529518485920977,0.28016112210517935,0.975,FALSE,1.46,FALSE,"Af10","white"
"Ahdc1","Q6PAL7",2.207777966415726,0.11283826856667929,0.945,FALSE,-0.675,FALSE,"Ahdc1","white"
"Akap8","Q9DBR0",0.3102296479912858,0.7696400636166257,0.989,FALSE,-0.142,FALSE,"Akap8","white"
"Akip","Q9DCJ7",0.7345807955630285,0.08945255866452792,0.931,FALSE,0.707,FALSE,"Akip","white"
"Albu","P02769",2.1419457462090814,0.09455486559456863,0.935,FALSE,1.13,FALSE,"Albu","white"
"Alkb5","Q3TSG4",0.10165681500415917,0.30039760561636375,0.977,FALSE,0.367,FALSE,"Alkb5","white"
"Alrf2","Q9JJW6",1.1511251103778666,0.4183726984937342,0.982,FALSE,0.483,FALSE,"Alrf2","white"
"Anm1","Q9JIF0",1.317793757234006,0.015156868837228958,0.556,FALSE,1.21,FALSE,"Anm1","white"
"Ap2m1","P84091",0.14800302144511157,0.21721319148928342,0.969,FALSE,-0.467,FALSE,"Ap2m1","white"
"Aqr","Q8CFQ3",3.5472469683540897,0.06607335778417289,0.906,FALSE,0.606,FALSE,"Aqr","white"
"Argl1","Q3UL36-2",3.103515881628201,0.9604326054598724,0.991,FALSE,0.0248,FALSE,"Argl1","white"
"Argl1.1","Q3UL36",1.1249158960952788,0.08483515002466596,0.927,FALSE,0.925,FALSE,"Argl1.1","white"
"Arhg2","Q60875",2.5864373636553437,0.4659254806755546,0.984,FALSE,1.27,FALSE,"Arhg2","white"
"Arid2","E9Q7E2",1.8714543185884338,0.06721130632741877,0.908,FALSE,-0.782,FALSE,"Arid2","white"
"Asf1a","Q9CQE6",0.2804926036153776,0.9847666073941099,0.991,FALSE,0.00957,FALSE,"Asf1a","white"
"Ash2l","Q91X20",0.6435750706310751,0.004245814639018343,0.0871,FALSE,-1.48,FALSE,"Ash2l","white"
"Atad5","Q4QY64",0.6191087081084814,0.005699603102407856,0.159,FALSE,1.14,FALSE,"Atad5","white"
"Atpa","Q03265",2.374369042140559,0.10766723550190234,0.942,FALSE,0.898,FALSE,"Atpa","white"
"Atpb","P56480",1.6141671447354182,0.002306572134568238,0.0268,TRUE,1.99,TRUE,"Atpb","white"
"Atpd","Q9D3D9",-0.08973845586473257,0.7273317473958371,0.988,FALSE,0.0834,FALSE,"Atpd","white"
"Atrx","Q61687",2.5615905777626544,0.8228649525737178,0.989,FALSE,0.099,FALSE,"Atrx","white"
"B2rqg2","B2RQG2",2.358928895834781,0.46018059491197805,0.983,FALSE,0.395,FALSE,"B2rqg2","white"
"Baf","O54962",3.501635229793383,0.49058087238686277,0.984,FALSE,-0.335,FALSE,"Baf","white"
"Bap18","Q9DCT6",0.7641334367457387,0.8435980189432631,0.99,FALSE,0.099,FALSE,"Bap18","white"
"Baz1a","O88379",0.6786133380099836,0.17651168840536663,0.963,FALSE,-0.953,FALSE,"Baz1a","white"
"Baz1b","Q9Z277",0.8047059385407825,0.7190874680945726,0.988,FALSE,-0.21,FALSE,"Baz1b","white"
"Baz2a","Q91YE5",4.556756082933196,0.3679369585307721,0.98,FALSE,-0.333,FALSE,"Baz2a","white"
"Bclf1","Q8K019",6.1416913675993055,0.3830849527468073,0.981,FALSE,-0.368,FALSE,"Bclf1","white"
"Bip","P20029",4.4050144631548465,0.6144137896307588,0.987,FALSE,0.161,FALSE,"Bip","white"
"Brd1","G5E8P1",0.29640078649163054,0.9608227738737951,0.991,FALSE,-0.0222,FALSE,"Brd1","white"
"Brd7","O88665",3.0119964014976244,0.1851971086446426,0.965,FALSE,-0.412,FALSE,"Brd7","white"
"Brx1","Q9DCA5",1.0096761780427397,0.004163431556953617,0.0844,FALSE,-1.52,FALSE,"Brx1","white"
"Bub3","Q9WVA3",2.3578578099673613,0.4277584540815268,0.982,FALSE,0.506,FALSE,"Bub3","white"
"Bud13","Q8R149",1.6794541359469826,0.6601427768707528,0.987,FALSE,-0.184,FALSE,"Bud13","white"
"Bud31","Q6PGH1",1.874441822273609,0.9842094160010255,0.991,FALSE,-0.00835,FALSE,"Bud31","white"
"Byst","O54825",0.3102314407633055,0.76372308437218,0.989,FALSE,-0.142,FALSE,"Byst","white"
"Calm1","P0DP26",2.029455338625072,0.28162362914340255,0.975,FALSE,-0.704,FALSE,"Calm1","white"
"Casa1","P02662",1.6257977383418336,0.7829406762677903,0.989,FALSE,0.099,FALSE,"Casa1","white"
"Casa2","P02663",1.6257972397422862,0.24860906193599622,0.973,FALSE,0.376,FALSE,"Casa2","white"
"Casb","P02666",1.7924647588667597,0.4401578544357547,0.983,FALSE,0.432,FALSE,"Casb","white"
"Cask","P02668",0.1666182792026524,0.530914882359865,0.985,FALSE,0.237,FALSE,"Cask","white"
"Catin","Q9CS00",1.925110815369899,0.06628056409300814,0.907,FALSE,0.698,FALSE,"Catin","white"
"Cbp","P45481",0.40311857473309126,0.7701505389032159,0.989,FALSE,0.154,FALSE,"Cbp","white"
"Cbx1","P83917",0.597453732874437,0.054022640448010514,0.884,FALSE,-1.29,FALSE,"Cbx1","white"
"Cbx5","Q61686",2.628847443931921,0.2898177252276481,0.976,FALSE,-0.472,FALSE,"Cbx5","white"
"Ccar1","Q8CH18",1.3730049503408694,0.9071459915710649,0.99,FALSE,0.0861,FALSE,"Ccar1","white"
"Ccd12","Q8R344",1.7047852232331593,0.6531796184882732,0.987,FALSE,-0.234,FALSE,"Ccd12","white"
"Ccd86","Q9JJ89",0.8616213755738767,0.31388771866275283,0.978,FALSE,-0.763,FALSE,"Ccd86","white"
"Ccdc9","Q8VC31",1.332644433382575,0.9521043786378576,0.99,FALSE,0.0186,FALSE,"Ccdc9","white"
"Ccnb1","P24860",0.9266850488830397,0.049190115223551295,0.872,FALSE,1.09,FALSE,"Ccnb1","white"
"Cd11b","P24788",3.5586898252845036,0.916725009296799,0.99,FALSE,0.0268,FALSE,"Cd11b","white"
"Cdc5l","Q6A068",2.980688569657623,0.6217926685053051,0.987,FALSE,0.142,FALSE,"Cdc5l","white"
"Cdc73","Q8JZM7",1.9689503147202252,0.19257787212539818,0.966,FALSE,0.395,FALSE,"Cdc73","white"
"Cdk12","Q14AX6",0.8644179037988773,0.8598491288795451,0.99,FALSE,-0.102,FALSE,"Cdk12","white"
"Cdk13","Q69ZA1",1.4961901350090396,0.05968530312814887,0.896,FALSE,1.17,FALSE,"Cdk13","white"
"Cecr2","E9Q2Z1",0.481343019372136,0.06187776448382812,0.9,FALSE,-1.13,FALSE,"Cecr2","white"
"Cfa20","Q8BTU1",0.29640078649163054,0.9608227738737951,0.991,FALSE,-0.0222,FALSE,"Cfa20","white"
"Cg050","Q9CXL3",2.4115121095410443,0.006952307285258777,0.224,FALSE,-1.26,FALSE,"Cg050","white"
"Ch10","Q64433",0.5527092190674868,0.758031923225082,0.989,FALSE,-0.145,FALSE,"Ch10","white"
"Ch60","P63038",2.1035080522239515,0.022778902403382643,0.705,FALSE,1.9,FALSE,"Ch60","white"
"Chap1","Q8K327",0.8333025939810389,0.04798839941173512,0.869,FALSE,-1.1,FALSE,"Chap1","white"
"Chd1","P40201",3.0340373647642487,0.031048578487232237,0.789,FALSE,0.915,FALSE,"Chd1","white"
"Chd4","Q6PDQ2",4.030639666489571,0.7241067097316256,0.988,FALSE,0.218,FALSE,"Chd4","white"
"Cherp","Q8CGZ0",2.4534365599778964,0.24542347980904522,0.972,FALSE,0.483,FALSE,"Cherp","white"
"Chtop","Q9CY57",4.028589129761112,0.9696095470057771,0.991,FALSE,0.0113,FALSE,"Chtop","white"
"Ck098","Q9D937",1.5283027095408166,0.04833928827035997,0.87,FALSE,-0.763,FALSE,"Ck098","white"
"Clasr","Q8CFC7",0.8567207792731351,0.5298952294062065,0.985,FALSE,0.284,FALSE,"Clasr","white"
"Clk2","O35491",-0.018669762294957575,0.5819511068924539,0.986,FALSE,-0.133,FALSE,"Clk2","white"
"Cof1","P18760",-4.991679296632393e-5,0.6892481293485575,0.988,FALSE,-0.096,FALSE,"Cof1","white"
"Cpsf1","Q9EPU4",5.359405813442979,0.7209110360131158,0.988,FALSE,-0.322,FALSE,"Cpsf1","white"
"Cpsf2","O35218",4.578453602077866,0.5773737438059641,0.986,FALSE,-0.571,FALSE,"Cpsf2","white"
"Cpsf3","Q9QXK7",4.2768549174282855,0.6357951120975196,0.987,FALSE,-0.408,FALSE,"Cpsf3","white"
"Cpsf4","Q8BQZ5",2.2214781661683376,0.9226741776697167,0.99,FALSE,-0.0628,FALSE,"Cpsf4","white"
"Cpsf5","Q9CQF3",2.675671340217241,0.16462975892991055,0.961,FALSE,0.927,FALSE,"Cpsf5","white"
"Cpsf6","Q6NVF9",2.5060194864047003,0.35169571726007864,0.979,FALSE,0.311,FALSE,"Cpsf6","white"
"Cpsf7","Q8BTV2",0.6807907497612146,0.024794836530771452,0.731,FALSE,0.932,FALSE,"Cpsf7","white"
"Crnl1","P63154",3.0949111213242717,0.14757315390624515,0.957,FALSE,1.02,FALSE,"Crnl1","white"
"Csde1","Q91W50",0.4813445433240429,0.3379926086440216,0.979,FALSE,-0.467,FALSE,"Csde1","white"
"Csk21","Q60737",0.6972282394632968,0.199630055744783,0.967,FALSE,-0.916,FALSE,"Csk21","white"
"Cstf1","Q99LC2",1.9341737470554972,0.3314515299486252,0.978,FALSE,-1.3,FALSE,"Cstf1","white"
"Cstf3","Q99LI7",2.048698067284027,0.5819732054693306,0.986,FALSE,-0.695,FALSE,"Cstf3","white"
"Cstft","Q8C7E9",1.936763807489386,0.3409875583066561,0.979,FALSE,-1.24,FALSE,"Cstft","white"
"Ctcf","Q61164",2.50708966420166,0.597988804454505,0.986,FALSE,-0.291,FALSE,"Ctcf","white"
"Ctr9","Q62018",0.930791182938791,0.9506049761959826,0.99,FALSE,0.0423,FALSE,"Ctr9","white"
"Cul4b","A2A432",1.1666435812210019,0.5393244906620374,0.985,FALSE,0.237,FALSE,"Cul4b","white"
"Cwc15","Q9JHS9",2.5177515197849227,0.8639779245060135,0.99,FALSE,-0.0551,FALSE,"Cwc15","white"
"Cwc22","Q8C5N3",2.756032878174153,0.05889951886888477,0.894,FALSE,0.811,FALSE,"Cwc22","white"
"Cxxc1","Q9CWW7",-0.028122778532032083,0.8702358584928398,0.99,FALSE,-0.0399,FALSE,"Cxxc1","white"
"D3ytq9","D3YTQ9",2.314012451496217,0.21582347680858982,0.969,FALSE,-1.18,FALSE,"D3ytq9","white"
"D3yv43","D3YV43",1.857852394339839,0.08197255044096305,0.925,FALSE,0.84,FALSE,"D3yv43","white"
"D3yvf4","D3YVF4",3.049861801039771,0.4885008700600896,0.984,FALSE,-0.196,FALSE,"D3yvf4","white"
"D3ywj3","D3YWJ3",3.049862021275274,0.4395054354153882,0.983,FALSE,-0.211,FALSE,"D3ywj3","white"
"D3ywx2","D3YWX2",1.0282955265554579,0.1344722411410502,0.953,FALSE,0.904,FALSE,"D3ywx2","white"
"D3yym6","D3YYM6",0.5897682773499158,0.44073728694298453,0.983,FALSE,0.417,FALSE,"D3yym6","white"
"D3z0m9","D3Z0M9",1.9263030196814581,0.10881473724819693,0.943,FALSE,0.831,FALSE,"D3z0m9","white"
"D3z5x8","D3Z5X8",0.8616229849774513,0.8673760201931592,0.99,FALSE,-0.096,FALSE,"D3z5x8","white"
"D3z712","D3Z712",1.293146607175858,0.77994140244615,0.989,FALSE,0.1,FALSE,"D3z712","white"
"D3z722","D3Z722",1.6614478826354278,0.3191665293846862,0.978,FALSE,-0.881,FALSE,"D3z722","white"
"Ddb1","Q3U1J4",1.9368358593769937,0.6557814134815443,0.987,FALSE,0.358,FALSE,"Ddb1","white"
"Ddx1","Q91VR5",1.8106335149856094,0.44476173140320097,0.983,FALSE,0.692,FALSE,"Ddx1","white"
"Ddx17","Q501J6",4.34837568919311,0.16972630088056737,0.962,FALSE,0.401,FALSE,"Ddx17","white"
"Ddx20","Q9JJY4",0.8228344119495336,0.6364895391445682,0.987,FALSE,0.216,FALSE,"Ddx20","white"
"Ddx21","Q9JIK5",5.340226261584014,0.17795455296151538,0.964,FALSE,-0.36,FALSE,"Ddx21","white"
"Ddx24","Q9ESV0",0.9568660023878967,0.5849808812593005,0.986,FALSE,-0.286,FALSE,"Ddx24","white"
"Ddx27","Q921N6",1.2924621110166974,0.31418345638535494,0.978,FALSE,-0.568,FALSE,"Ddx27","white"
"Ddx3x","Q62167",5.254364181026285,0.6823406847134326,0.988,FALSE,-0.138,FALSE,"Ddx3x","white"
"Ddx3y","Q62095",0.9307923410005815,0.35217122183735583,0.979,FALSE,-0.624,FALSE,"Ddx3y","white"
"Ddx41","Q91VN6",1.2320271608579887,0.18986646043995387,0.966,FALSE,1.03,FALSE,"Ddx41","white"
"Ddx46","Q569Z5-2",1.5260873797915762,0.030543622800187357,0.785,FALSE,1.33,FALSE,"Ddx46","white"
"Ddx49","Q4FZF3",0.29640078649163054,0.9608227738737951,0.991,FALSE,-0.0222,FALSE,"Ddx49","white"
"Ddx5","Q61656",5.619083926639624,0.9988827166112695,0.991,FALSE,-5.27e-4,FALSE,"Ddx5","white"
"Ddx50","Q99MJ9",3.3779228491591025,0.18896703429134915,0.966,FALSE,0.591,FALSE,"Ddx50","white"
"Ddx51","Q6P9R1",0.912178816577665,0.020277672482956505,0.667,FALSE,-1.33,FALSE,"Ddx51","white"
"Ddx56","Q9D0R4",0.33329160508596506,0.8372640351541738,0.989,FALSE,-0.096,FALSE,"Ddx56","white"
"Dest","Q9R0P5",0.7901963796904434,0.26384025439539205,0.974,FALSE,-0.62,FALSE,"Dest","white"
"Dhx15","O35286",4.707900433465184,0.05508460087943559,0.887,FALSE,0.629,FALSE,"Dhx15","white"
"Dhx30","Q99PU8",1.8869729226152419,0.7539992157765882,0.989,FALSE,0.13,FALSE,"Dhx30","white"
"Dhx40","Q6PE54",0.1666182792026524,0.530914882359865,0.985,FALSE,0.237,FALSE,"Dhx40","white"
"Dhx8","A2A4P0",3.2282608189124704,0.11549445896466916,0.946,FALSE,0.617,FALSE,"Dhx8","white"
"Dhx9","O70133",4.697276933790247,0.4263021491501848,0.982,FALSE,0.251,FALSE,"Dhx9","white"
"Dido1","Q8C9B9",4.000741701381855,0.2026006589352806,0.968,FALSE,0.944,FALSE,"Dido1","white"
"Djc21","E9Q8D0",0.5744049576632703,0.2142468505123203,0.969,FALSE,-0.67,FALSE,"Djc21","white"
"Dkc1","Q9ESX5",1.4243008656989293,0.20739302670691706,0.968,FALSE,-0.945,FALSE,"Dkc1","white"
"Dnja1","P63037",0.8616275727219017,0.15439711128775055,0.959,FALSE,-0.763,FALSE,"Dnja1","white"
"Dnja2","Q9QYJ0",0.4999607362233351,0.604153257910537,0.987,FALSE,0.237,FALSE,"Dnja2","white"
"Dnjc9","Q91WN1",3.3750772760767513,0.16867202727104613,0.962,FALSE,-0.405,FALSE,"Dnjc9","white"
"Dnli1","P37913",0.7968520710680151,0.9535400823518475,0.99,FALSE,0.0335,FALSE,"Dnli1","white"
"Dnm3a","O88508",4.232943960845156,0.745861734556214,0.989,FALSE,-0.106,FALSE,"Dnm3a","white"
"Dnm3b","O88509-3",3.437676116303397,0.015120730394248931,0.555,FALSE,-0.987,FALSE,"Dnm3b","white"
"Dnm3l","Q9CWR8",4.095750105533784,0.27706004042812304,0.975,FALSE,-0.338,FALSE,"Dnm3l","white"
"Dnmt1","P13864-2",2.1911888733345424,0.46402172494333904,0.983,FALSE,0.45,FALSE,"Dnmt1","white"
"Dnmt1.1","P13864",0.31023423573573616,0.05920386086484669,0.895,FALSE,-0.809,FALSE,"Dnmt1.1","white"
"Dppa2","Q9CWH0",1.3333134845134929,0.14264959523558765,0.956,FALSE,0.571,FALSE,"Dppa2","white"
"Dppa4","Q8CCG4",1.538116129473431,0.41362266863455444,0.982,FALSE,-0.568,FALSE,"Dppa4","white"
"Dpy30","Q99LT0",0.2641186560583204,0.22657268472890663,0.971,FALSE,-0.624,FALSE,"Dpy30","white"
"Dx39a","Q8VDW0",0.7641313210107518,0.22984106255708323,0.971,FALSE,0.766,FALSE,"Dx39a","white"
"E9pww9","E9PWW9",2.45731981349822,0.06804445054609295,0.909,FALSE,-1.14,FALSE,"E9pww9","white"
"E9q3p4","E9Q3P4",1.1257902455375184,0.9666843848562425,0.991,FALSE,0.0423,FALSE,"E9q3p4","white"
"E9q455","E9Q455",1.6742231617212762,0.16300717416280933,0.961,FALSE,-1.82,FALSE,"E9q455","white"
"E9q4f4","E9Q4F4",0.6666357360983112,0.8319091616826542,0.989,FALSE,-0.096,FALSE,"E9q4f4","white"
"E9q6e5","E9Q6E5",1.415287868032231,0.1268068483180035,0.951,FALSE,1.01,FALSE,"E9q6e5","white"
"E9q9y4","E9Q9Y4",4.322923301481374,0.4333946060050776,0.983,FALSE,-0.337,FALSE,"E9q9y4","white"
"E9qk89","E9QK89",-0.02310786498071889,0.5560458730652136,0.986,FALSE,-0.142,FALSE,"E9qk89","white"
"E9ql13","E9QL13",2.6133299948242246,0.34971555057640025,0.979,FALSE,-0.355,FALSE,"E9ql13","white"
"E9qn31","E9QN31",1.8251981315632555,0.0766105106789278,0.92,FALSE,-1.53,FALSE,"E9qn31","white"
"Eaf6","Q2VPQ9",1.3368535551770946,0.8364802488530512,0.989,FALSE,-0.0889,FALSE,"Eaf6","white"
"Ebp2","Q9D903",1.1071682197342234,0.008084161900696534,0.283,FALSE,-1.72,FALSE,"Ebp2","white"
"Eed","A0A5F8MPX8",4.986348460997811,0.17542642513548112,0.963,FALSE,-0.491,FALSE,"Eed","white"
"Ef1a1","P10126",3.8395114398012313,0.16479791271762328,0.961,FALSE,0.559,FALSE,"Ef1a1","white"
"Ef1g","Q9D8N0",1.5936845889354825,0.08874459300081715,0.931,FALSE,1.37,FALSE,"Ef1g","white"
"Ef2","P58252",1.0238826672851646,0.04707501185313871,0.866,FALSE,0.913,FALSE,"Ef2","white"
"Eftu","Q8BFR5",1.1511240816913173,0.37094325775334325,0.98,FALSE,0.658,FALSE,"Eftu","white"
"Ehmt1","Q5DW34",3.388443836685575,0.31441679648409826,0.978,FALSE,0.69,FALSE,"Ehmt1","white"
"Eif3b","Q8JZQ9",-0.03694346330107182,0.926773065404946,0.99,FALSE,-0.0222,FALSE,"Eif3b","white"
"Eif3d","O70194",0.124945073257359,0.17811177763650637,0.964,FALSE,-0.513,FALSE,"Eif3d","white"
"Eif3h","Q91WK2",0.1666182792026524,0.530914882359865,0.985,FALSE,0.237,FALSE,"Eif3h","white"
"Elav1","P70372",2.578179293796012,0.05442922080317189,0.885,FALSE,1.08,FALSE,"Elav1","white"
"Elob","P62869",2.779939062846879,0.4309719191928678,0.983,FALSE,0.571,FALSE,"Elob","white"
"Eloc","P83940",2.662870655738777,0.717361892827306,0.988,FALSE,0.173,FALSE,"Eloc","white"
"Elys","Q8CJF7",2.2165244861666396,0.5292784447740031,0.985,FALSE,-0.443,FALSE,"Elys","white"
"Emsy","Q8BMB0-3",2.1502077052299877,0.7869670076364301,0.989,FALSE,0.383,FALSE,"Emsy","white"
"Enoa","P17182",2.4999307724198787,0.01992097540866739,0.661,FALSE,1.46,FALSE,"Enoa","white"
"Epop","Q7TNS8",3.6600405153767217,0.4694259858209837,0.984,FALSE,-0.458,FALSE,"Epop","white"
"Erh","P84089",3.589995799640874,0.5252816598947636,0.985,FALSE,0.173,FALSE,"Erh","white"
"Err2","Q61539",1.317793757234006,0.015156868837228958,0.556,FALSE,1.21,FALSE,"Err2","white"
"Esco2","Q8CIB9",0.5974585248021972,0.0028122446732495344,0.0391,FALSE,-1.29,FALSE,"Esco2","white"
"Ess2","O70279",0.808159436613582,0.6569937841497346,0.987,FALSE,0.288,FALSE,"Ess2","white"
"Ezh1","P70351",0.9307962417614396,1.9559066722965655e-4,1.57e-6,TRUE,-1.96,TRUE,"Ezh1","white"
"Ezh2","Q61188",5.089073654520813,0.19629850818040329,0.967,FALSE,-0.714,FALSE,"Ezh2","white"
"Ezhip","B1B0V2",0.9866109194961901,0.013410881484735931,0.504,FALSE,-2.24,FALSE,"Ezhip","white"
"F6r7e8","F6R7E8",0.83330451841003494,0.06713587539917194,0.908,FALSE,0.904,FALSE,"F6r7e8","white"
"F6v095","F6V095",0.8988937503510819,0.14328029580090934,0.956,FALSE,-0.837,FALSE,"F6v095","white"
"F6zbr8","F6ZBR8",2.6764156435280775,0.8232924651554386,0.989,FALSE,-0.138,FALSE,"F6zbr8","white"
"F6zv59","F6ZV59",1.817800760659204,0.13651018280609628,0.954,FALSE,0.873,FALSE,"F6zv59","white"
"F8wi22","F8WI22",1.0566118784243017,0.8833417186628552,0.99,FALSE,-0.096,FALSE,"F8wi22","white"
"Fa76a","Q922G2",0.1666204953375594,0.5393170169099046,0.985,FALSE,0.237,FALSE,"Fa76a","white"
"Fa76b","Q80XP8",0.6666311483538608,0.16334367181188109,0.961,FALSE,0.571,FALSE,"Fa76b","white"
"Fbrl","P35550",1.8714569151936853,0.5101205613222346,0.985,FALSE,-0.291,FALSE,"Fbrl","white"
"Fip1","Q9D824-2",4.530839671323758,0.33156603042220506,0.978,FALSE,-0.588,FALSE,"Fip1","white"
"Fip1.1","Q9D824",0.5974529658229907,0.689314711910912,0.988,FALSE,-0.234,FALSE,"Fip1.1","white"
"Fl2d","Q9ER69",3.5943283038151974,0.8529238955063891,0.99,FALSE,-0.0502,FALSE,"Fl2d","white"
"Fnbp4","Q6ZQ03",0.7958823673022792,0.5922734575116899,0.986,FALSE,0.312,FALSE,"Fnbp4","white"
"Frg1","P97376",0.12494339926569549,0.1849110610993659,0.965,FALSE,-0.513,FALSE,"Frg1","white"
"Fus","P56959",1.2232845225274058,0.6500495026273572,0.987,FALSE,0.237,FALSE,"Fus","white"
"Fxr1","Q61584",3.5320447087767826,0.7902360673976396,0.989,FALSE,-0.0886,FALSE,"Fxr1","white"
"G3bp1","P97855",0.07693468417956417,0.24253018107821872,0.972,FALSE,0.417,FALSE,"G3bp1","white"
"G3p","P16858",3.976905053700136,0.1291090278007112,0.952,FALSE,0.54,FALSE,"G3p","white"
"G3uvu2","G3UVU2",2.8799490987315686,0.5276738110354132,0.985,FALSE,-0.526,FALSE,"G3uvu2","white"
"G3uwq7","G3UWQ7",3.1510842020297005,0.2119762045736742,0.969,FALSE,0.545,FALSE,"G3uwq7","white"
"G3x9k7","G3X9K7",-0.05284490935662708,0.9689114936440266,0.991,FALSE,0.00957,FALSE,"G3x9k7","white"
"G5e924","G5E924",4.486416230287625,0.7046854810102237,0.988,FALSE,0.0944,FALSE,"G5e924","white"
"Gapr1","Q9CYL5",1.1171910800294849,0.45375986078441355,0.983,FALSE,-0.252,FALSE,"Gapr1","white"
"Gar1","Q9CY66",0.1297276464473338,0.3718109934702348,0.98,FALSE,-0.356,FALSE,"Gar1","white"
"Gnl3","Q8CI11",3.2159251339353347,0.36718202470611566,0.98,FALSE,-0.459,FALSE,"Gnl3","white"
"Gnl3l","Q6PGG6",0.23604579431925465,0.28646787449066446,0.976,FALSE,-0.568,FALSE,"Gnl3l","white"
"Gptc1","Q9DBM1",1.0485185397860033,0.02110095464614475,0.681,FALSE,1.35,FALSE,"Gptc1","white"
"Gptc8","A2A6A1",2.4850968086355976,0.34506319329783547,0.979,FALSE,0.445,FALSE,"Gptc8","white"
"Grp75","P38647",4.436369214283649,0.1173984538078477,0.947,FALSE,0.557,FALSE,"Grp75","white"
"Gtpb4","Q99ME9",0.9844520000249103,0.6418277280691755,0.987,FALSE,-0.342,FALSE,"Gtpb4","white"
"H11","P43275",3.613762961058331,0.22919444443611045,0.971,FALSE,-0.413,FALSE,"H11","white"
"H12","P15864",2.2165233948479983,0.85315824502798,0.99,FALSE,0.0755,FALSE,"H12","white"
"H13","P43277",-4.991679296632393e-5,0.6892481293485575,0.988,FALSE,-0.096,FALSE,"H13","white"
"H14","P43274",2.270179227569488,0.21881432791934383,0.97,FALSE,-0.484,FALSE,"H14","white"
"H15","P43276",3.777098227502879,0.2765651118428358,0.975,FALSE,-0.379,FALSE,"H15","white"
"H1t","Q07133",2.7077827115576003,0.4538401659430299,0.983,FALSE,-0.24,FALSE,"H1t","white"
"H2a1k","Q8CGP7",4.073853020571701,0.1304615117857098,0.952,FALSE,-0.583,FALSE,"H2a1k","white"
"H2a2b","Q64522",-0.024772047617561316,0.8489140209841926,0.99,FALSE,-0.0466,FALSE,"H2a2b","white"
"H2a2c","Q64523",2.3140159447965107,0.43576339202332903,0.983,FALSE,-0.463,FALSE,"H2a2c","white"
"H2av","Q3THW5",2.6639427460596248,0.07408359905977249,0.917,FALSE,-0.605,FALSE,"H2av","white"
"H2ax","P27661",2.350531808528872,0.5996852372896769,0.986,FALSE,-0.491,FALSE,"H2ax","white"
"H2ay","Q9QZQ8",1.5127791658683094,0.8389545457224808,0.989,FALSE,0.15,FALSE,"H2ay","white"
"H2b1c","Q6ZWY9",4.296822223925731,0.4784713053284647,0.984,FALSE,-0.241,FALSE,"H2b1c","white"
"H33","P84244",3.367677079526315,0.2169337399272681,0.969,FALSE,-0.679,FALSE,"H33","white"
"H4","P62806",5.06837152004842,0.17196835060330945,0.963,FALSE,-0.397,FALSE,"H4","white"
"Hat1","Q8BY71",0.8571163696401165,0.20981108821951333,0.969,FALSE,-0.477,FALSE,"Hat1","white"
"Hdac1","O09106",1.8300058462581585,0.9096936965585252,0.99,FALSE,-0.0948,FALSE,"Hdac1","white"
"Hdac2","P70288",2.7429319460365362,0.22876036347145365,0.971,FALSE,0.785,FALSE,"Hdac2","white"
"Hdgr2","Q3UMU9",2.232039470166907,0.19934627425417903,0.967,FALSE,-0.837,FALSE,"Hdgr2","white"
"Hells","Q60848",1.3971111070215905,0.6196182793979612,0.987,FALSE,-0.398,FALSE,"Hells","white"
"Hmmr","Q00547",3.330963107389251,0.7692715793014062,0.989,FALSE,0.376,FALSE,"Hmmr","white"
"Hnrh1","O35737",2.538226444033244,0.32744521174822233,0.978,FALSE,0.571,FALSE,"Hnrh1","white"
"Hnrh2","P70333",0.7641242613033281,0.005172339297133678,0.132,FALSE,1.43,FALSE,"Hnrh2","white"
"Hnrl2","Q00PI9",1.2641359319037264,0.20801080931882018,0.968,FALSE,0.709,FALSE,"Hnrl2","white"
"Hnrpc","Q9Z204-2",4.420275607496449,0.8218226863060154,0.989,FALSE,-0.0666,FALSE,"Hnrpc","white"
"Hnrpf","Q9Z2X1",4.140114765406499,0.9585386070357962,0.991,FALSE,0.0126,FALSE,"Hnrpf","white"
"Hnrpk","P61979",4.592927383720181,0.23626854119440455,0.972,FALSE,0.51,FALSE,"Hnrpk","white"
"Hnrpm","Q9D0E1",6.020837062517516,0.6305081862644362,0.987,FALSE,-0.144,FALSE,"Hnrpm","white"
"Hnrpq","Q7TMK9",2.712194082438559,0.023093388762723502,0.71,FALSE,1,FALSE,"Hnrpq","white"
"Hnrpu","Q8VEK3-2",5.332363742085075,0.43589525522495787,0.983,FALSE,-0.216,FALSE,"Hnrpu","white"
"Hs90a","P07901",1.9152964531058487,0.7736232871920374,0.989,FALSE,-0.265,FALSE,"Hs90a","white"
"Hs90b","P11499",3.4092163601747365,0.1361558770654166,0.954,FALSE,0.999,FALSE,"Hs90b","white"
"Hsp7c","P63017",1.1949634264511513,0.8638687717832092,0.99,FALSE,-0.096,FALSE,"Hsp7c","white"
"Hspb1","P14602",1.0706601822591293,0.6572245755420171,0.987,FALSE,-0.237,FALSE,"Hspb1","white"
"Hxc6","P10629",-0.06501632504013759,0.888333740070256,0.99,FALSE,0.0339,FALSE,"Hxc6","white"
"If2a","Q6ZWX6",0.14356527506357786,0.5911201496401237,0.986,FALSE,0.191,FALSE,"If2a","white"
"If2b","Q99L45",0.9223317698619007,0.5420508009964311,0.985,FALSE,0.415,FALSE,"If2b","white"
"If2b1","O88477",3.9568168231572702,0.06636824897815352,0.907,FALSE,-0.561,FALSE,"If2b1","white"
"If2b3","Q9CPN8",0.8869582115182434,0.08836313277238042,0.93,FALSE,1.01,FALSE,"If2b3","white"
"If4a1","P60843",2.2715494196538977,0.7192630699478572,0.988,FALSE,-0.333,FALSE,"If4a1","white"
"If4a2","P10630",2.480686670311302,0.43934108151279017,0.983,FALSE,0.362,FALSE,"If4a2","white"
"If4a3","Q91VC3",4.463322772124507,0.3072322742598185,0.977,FALSE,0.31,FALSE,"If4a3","white"
"If4b","Q8BGD9",2.988202942292976,0.11117280435319671,0.944,FALSE,0.609,FALSE,"If4b","white"
"If5a2","Q8BGY2",0.7641322228274087,0.03316351694260662,0.804,FALSE,-0.958,FALSE,"If5a2","white"
"If6","O55135",1.166639962140329,0.14156079918580228,0.955,FALSE,-1.1,FALSE,"If6","white"
"Ilf2","Q9CXY6",1.2008015115153328,0.7867272488471119,0.989,FALSE,0.169,FALSE,"Ilf2","white"
"Ilf3","Q9Z1X4",1.915294250946553,0.10402035393284152,0.941,FALSE,1.07,FALSE,"Ilf3","white"
"Ima1","P52293",0.7937777723556613,0.3665608722728119,0.98,FALSE,-0.35,FALSE,"Ima1","white"
"Imb1","P70168",0.6644167676667132,0.8408552328838124,0.99,FALSE,-0.0916,FALSE,"Imb1","white"
"Ing4","Q8C0D7",0.30856837910723023,0.11432216170596393,0.946,FALSE,-0.713,FALSE,"Ing4","white"
"Ing5","Q9D8Y8",0.8616219123300345,0.02414922519626543,0.723,FALSE,-1.15,FALSE,"Ing5","white"
"Isy1","Q69ZQ2",2.7955161672530475,0.8299068965225769,0.989,FALSE,0.0755,FALSE,"Isy1","white"
"Iws1","Q8C1D8",1.484454240946583,0.9930887151327649,0.991,FALSE,-0.00834,FALSE,"Iws1","white"
"Jade1","Q6ZPI0",2.285697847603379,0.9985882017866657,0.991,FALSE,-7.73e-4,FALSE,"Jade1","white"
"Jarid2","Q62315",5.1705261081086835,0.001429284162109033,0.00762,TRUE,-2.38,TRUE,"Jarid2","hotpink"
"K1c10","P02535",1.6511315951083319,0.3324233545597496,0.979,FALSE,0.816,FALSE,"K1c10","white"
"K1c10.1","P13645",3.8220448798071622,0.9100245025795426,0.99,FALSE,0.0948,FALSE,"K1c10.1","white"
"K1c9","P35527",3.7032383971857,0.44579201231418497,0.983,FALSE,0.765,FALSE,"K1c9","white"
"K22e","P35908",3.66428163127798,0.3919193814213454,0.981,FALSE,1.27,FALSE,"K22e","white"
"K2c1","P04264",4.817639027771943,0.4864737958866192,0.984,FALSE,0.468,FALSE,"K2c1","white"
"Kat6b","Q8BRB7",0.8616261587608326,0.40374469657317497,0.982,FALSE,-0.486,FALSE,"Kat6b","white"
"Kat7","Q5SVQ0",2.452364826718984,0.8821311122051245,0.99,FALSE,0.0559,FALSE,"Kat7","white"
"Kc1a","Q8BK63",0.7621567961868113,0.267255772437989,0.974,FALSE,0.38,FALSE,"Kc1a","white"
"Kc1e","Q9JMK2",-0.05284490935662708,0.9689114936440266,0.991,FALSE,0.00957,FALSE,"Kc1e","white"
"Khdr1","Q60749",2.7565794834633075,0.6358451824095559,0.987,FALSE,-0.143,FALSE,"Khdr1","white"
"Khdr3","Q9R226",0.7641311018466416,0.5672402522527452,0.986,FALSE,-0.291,FALSE,"Khdr3","white"
"Ki20a","P97329",0.14356324476768675,0.2160070907506959,0.969,FALSE,-0.475,FALSE,"Ki20a","white"
"Ki20b","Q80WE4",2.8321077998129742,0.6613299119299436,0.987,FALSE,0.527,FALSE,"Ki20b","white"
"Kif2a","P28740",1.7589538577485386,0.2895170352491132,0.976,FALSE,1.08,FALSE,"Kif2a","white"
"Kifc1","Q9QWT9",0.9307985331761591,0.9472570518644299,0.99,FALSE,0.0423,FALSE,"Kifc1","white"
"Klf4","Q60793",0.6531625474514593,0.912822514778967,0.99,FALSE,-0.0691,FALSE,"Klf4","white"
"Kmt2a","P55200",1.5819583395138885,0.7720115578417475,0.989,FALSE,0.187,FALSE,"Kmt2a","white"
"Kmt2b","O08550",0.9307959627740399,2.1110032575146964e-4,1.87e-6,TRUE,-1.96,TRUE,"Kmt2b","white"
"Kpym","P52480",1.2119543799438264,0.14088156474666955,0.955,FALSE,0.927,FALSE,"Kpym","white"
"La","P32067",3.931390473992051,0.06825650462556669,0.909,FALSE,-0.647,FALSE,"La","white"
"Lap2a","Q61033",0.7732090807406147,0.12887121515912708,0.951,FALSE,0.784,FALSE,"Lap2a","white"
"Larp7","Q05CL8",1.1949661479239115,0.7120099569043337,0.988,FALSE,0.294,FALSE,"Larp7","white"
"Las1l","A2BE28",0.2641164240857421,0.23282224705963456,0.971,FALSE,-0.624,FALSE,"Las1l","white"
"Lbr","Q3U9G9",1.484460384817045,0.050060054579554834,0.875,FALSE,1.54,FALSE,"Lbr","white"
"Lc7l2","Q7TNC4",4.462409816763944,0.8024326127174415,0.989,FALSE,0.0742,FALSE,"Lc7l2","white"
"Lc7l3","Q5SUF2",3.147981543870346,0.38682969628652053,0.981,FALSE,0.242,FALSE,"Lc7l3","white"
"Leo1","Q5XJE5",0.9307920672405695,0.5855050352428779,0.986,FALSE,0.432,FALSE,"Leo1","white"
"Lin41","Q1PSW8",3.905570314176501,0.6472534601009661,0.987,FALSE,-0.141,FALSE,"Lin41","white"
"Litd1","Q587J6",3.867679515931171,0.6038168536201547,0.986,FALSE,0.193,FALSE,"Litd1","white"
"Llph","Q9D945",0.5743957846866845,0.047927799366644576,0.869,FALSE,-1.34,FALSE,"Llph","white"
"Ln28a","Q8K3Y3",0.14800134745344806,0.22448519943560977,0.97,FALSE,-0.467,FALSE,"Ln28a","white"
"Lrwd1","Q8BUI3",0.296400430187403,0.11856933115952278,0.948,FALSE,-0.689,FALSE,"Lrwd1","white"
"Ls14b","Q8CGC4",0.14800134745344806,0.22448519943560977,0.97,FALSE,-0.467,FALSE,"Ls14b","white"
"Lsm2","O35900",0.7205203179799119,0.7136349786807374,0.988,FALSE,0.186,FALSE,"Lsm2","white"
"Lsm3","P62311",0.6666281675528527,0.3600986170973897,0.98,FALSE,0.571,FALSE,"Lsm3","white"
"Lsm6","P62313",-4.991679296632393e-5,0.6892481293485575,0.988,FALSE,-0.096,FALSE,"Lsm6","white"
"Lsm8","Q6ZWM4",1.5283027095371449,0.10604741452923062,0.942,FALSE,0.571,FALSE,"Lsm8","white"
"Ltv1","Q6NSQ7",1.50624514283091,0.3833107310437274,0.981,FALSE,-0.253,FALSE,"Ltv1","white"
"Luc7l","Q9CYI4",4.0385035173618284,0.6847850392422059,0.988,FALSE,-0.129,FALSE,"Luc7l","white"
"Lyar","Q08288",0.4077242815425895,0.5757789780064544,0.986,FALSE,-0.337,FALSE,"Lyar","white"
"Mabp1","Q6NS57",0.8333022581022664,0.5317735591212029,0.985,FALSE,0.237,FALSE,"Mabp1","white"
"Map4","P27546",1.7266575606749714,0.5864475730491598,0.986,FALSE,0.537,FALSE,"Map4","white"
"Matr3","Q8K310",4.84315118343329,0.7954147236412017,0.989,FALSE,-0.071,FALSE,"Matr3","white"
"Mbb1a","Q7TPV4",5.448809945380199,0.3819688240427583,0.981,FALSE,-0.277,FALSE,"Mbb1a","white"
"Mbd3","Q9Z2D8",1.625798562324946,0.7737857523171555,0.989,FALSE,0.099,FALSE,"Mbd3","white"
"Mcm3","P25206",1.3177955766702099,0.8200214844580003,0.989,FALSE,0.15,FALSE,"Mcm3","white"
"Mcm5","P49718",2.57277699650107,0.1816689554579972,0.964,FALSE,0.788,FALSE,"Mcm5","white"
"Mcm6","P97311",0.07693195626579315,0.2953497658521852,0.976,FALSE,0.417,FALSE,"Mcm6","white"
"Mfa1b","C0HKD9",2.9719428724069274,0.8487690392789787,0.99,FALSE,-0.102,FALSE,"Mfa1b","white"
"Mgap","A2AWL7",1.4358475061580145,0.4163565750419703,0.982,FALSE,-0.578,FALSE,"Mgap","white"
"Mgn","P61327",2.119024619377484,0.09090329625202252,0.932,FALSE,1.26,FALSE,"Mgn","white"
"Mint","Q62504",1.4152897126075275,0.6290338676155083,0.987,FALSE,0.345,FALSE,"Mint","white"
"Ml12b","Q3THE2",3.0572597412885547,0.06090477968838588,0.898,FALSE,-1.43,FALSE,"Ml12b","white"
"Mmta2","Q99LX5",1.0282941207376595,0.37380744191209775,0.98,FALSE,-0.429,FALSE,"Mmta2","white"
"Morc3","F7BJB9",1.586914287974123,0.8812515800737202,0.99,FALSE,0.15,FALSE,"Morc3","white"
"Mpcp","Q8VEM8",0.6666363224144162,0.33678806888826435,0.979,FALSE,0.571,FALSE,"Mpcp","white"
"Mpp8","Q3TYA6",2.5073903255982626,0.3378641598360397,0.979,FALSE,0.529,FALSE,"Mpp8","white"
"Msh2","P43247",2.7077825826601196,0.708904618894034,0.988,FALSE,0.15,FALSE,"Msh2","white"
"Msh6","P54276",3.266091757619869,0.7263272774322725,0.988,FALSE,-0.144,FALSE,"Msh6","white"
"Mta1","Q8K4B0",0.07693195626579315,0.2953497658521852,0.976,FALSE,0.417,FALSE,"Mta1","white"
"Mtf2","Q02395",5.062784841602013,0.4969223783103224,0.984,FALSE,-0.278,FALSE,"Mtf2","white"
"Mtrex","Q9CZU3",2.622019474084826,0.3009255118365245,0.977,FALSE,0.497,FALSE,"Mtrex","white"
"Myef2","Q8C854",2.726342388507805,0.2490412477558913,0.973,FALSE,-0.453,FALSE,"Myef2","white"
"Myh10","Q61879",6.119991957980003,0.08115418581883523,0.924,FALSE,-1.72,FALSE,"Myh10","white"
"Myh9","Q8VDD5",7.385952439437675,0.08503459268617795,0.928,FALSE,-1.28,FALSE,"Myh9","white"
"Myl6","Q60605",3.6109171639805386,0.16100796714643648,0.96,FALSE,-0.6,FALSE,"Myl6","white"
"Myo1b","P46735",0.4769014499226915,0.06610618369460214,0.906,FALSE,-1.14,FALSE,"Myo1b","white"
"Myo1c","Q9WTI7-3",2.0460858189474673,0.10862333580276753,0.943,FALSE,-2.58,FALSE,"Myo1c","white"
"Mypt1","Q9DBR7",2.593278718219939,0.44275879497688697,0.983,FALSE,1,FALSE,"Mypt1","white"
"Ncbp1","Q3UYV9",1.0974709497177433,0.7131948246881039,0.988,FALSE,0.099,FALSE,"Ncbp1","white"
"Ncbp2","Q9CQ49",1.173756272166924,0.8670047677507089,0.99,FALSE,-0.0536,FALSE,"Ncbp2","white"
"Ncbp3.1","Q8BZR9",1.528302619108145,0.1138595964482898,0.945,FALSE,0.847,FALSE,"Ncbp3.1","white"
"Ncoa5","Q91W39",2.7331146576145513,0.06875583445292736,0.91,FALSE,1.16,FALSE,"Ncoa5","white"
"Neua","Q99KK2",-0.024772047617561316,0.8489140209841926,0.99,FALSE,-0.0466,FALSE,"Neua","white"
"Nfx1.1","B1AY10",-4.991679296632393e-5,0.6892481293485575,0.988,FALSE,-0.096,FALSE,"Nfx1.1","white"
"Nh2l1","Q9D0T1",-4.991679296632393e-5,0.6892481293485575,0.988,FALSE,-0.096,FALSE,"Nh2l1","white"
"Nhp2","Q9CRB2",0.33329600699139955,0.8222528600223739,0.989,FALSE,-0.096,FALSE,"Nhp2","white"
"Nkap","Q9D0F4",0.4999588505764668,0.12159305242408767,0.949,FALSE,0.904,FALSE,"Nkap","white"
"Nob1","Q8BW10",1.3932893301991474,0.6940862937379784,0.988,FALSE,-0.191,FALSE,"Nob1","white"
"Nog2","Q99LH1",1.6190222685099542,0.468295242218735,0.984,FALSE,0.604,FALSE,"Nog2","white"
"Nolc1","E9Q5C9",2.0610393700671725,0.7771765204733353,0.989,FALSE,-0.189,FALSE,"Nolc1","white"
"Nono","Q99K48",2.1726816871071795,0.789554515231137,0.989,FALSE,0.163,FALSE,"Nono","white"
"Nop10","Q9CQS2",0.24549657858375085,0.20935122341539525,0.969,FALSE,-0.662,FALSE,"Nop10","white"
"Nop14","Q8R3N1",2.0498538599634024,0.017968250489058805,0.623,FALSE,-1.14,FALSE,"Nop14","white"
"Nop16","Q9CPT5",1.3616343526834758,0.01611667271854291,0.581,FALSE,-0.819,FALSE,"Nop16","white"
"Nop56","Q9D6Z1",0.9147293014176174,0.04509308074625314,0.86,FALSE,1.07,FALSE,"Nop56","white"
"Np1l1","P28656",0.6949536680010654,0.6960998382931654,0.988,FALSE,0.237,FALSE,"Np1l1","white"
"Npat","Q8BMA5",1.0994709542895387,0.8716228303755998,0.99,FALSE,0.095,FALSE,"Npat","white"
"Nsd1","O88491",4.59463522460564,0.7143022415771318,0.988,FALSE,-0.185,FALSE,"Nsd1","white"
"Nsun2","Q1HFZ0",1.8178017711482788,0.5060671958119143,0.985,FALSE,-0.398,FALSE,"Nsun2","white"
"Nsun5","Q8K4F6",1.000519187562416,0.4370706254343969,0.983,FALSE,-0.374,FALSE,"Nsun5","white"
"Nucl","P09405",4.988706906643122,0.11955824691643772,0.948,FALSE,-0.678,FALSE,"Nucl","white"
"Nufp1","Q9QXX8",0.5974611130790031,0.2451951335449266,0.972,FALSE,-0.624,FALSE,"Nufp1","white"
"Numa1","E9Q7G0",6.688527561315996,0.2369371576663939,0.972,FALSE,-0.316,FALSE,"Numa1","white"
"Nusap","Q9ERH4-2",2.1102844380439154,0.6359931344657836,0.987,FALSE,-0.203,FALSE,"Nusap","white"
"Nxf1","Q99JX7",1.7047887919855278,0.9326526018516064,0.99,FALSE,0.0423,FALSE,"Nxf1","white"
"Ogt1","Q8CGY8",1.748625878756173,0.11707098949220503,0.947,FALSE,1.19,FALSE,"Ogt1","white"
"Orc1","Q9Z1N2",0.4121719506006259,0.5551700353163277,0.986,FALSE,-0.328,FALSE,"Orc1","white"
"P66a","Q8CHY6",1.4918383477643247,0.4527723954313855,0.983,FALSE,-0.413,FALSE,"P66a","white"
"P66b","Q8VHR5",1.0536295733583205,0.3323150967614074,0.979,FALSE,0.678,FALSE,"P66b","white"
"Pabp1","P29341",0.8996895390702285,0.09199885763135499,0.933,FALSE,1.44,FALSE,"Pabp1","white"
"Pabp2","Q8CCS6",1.7974234192366645,0.16002598324877954,0.96,FALSE,1.11,FALSE,"Pabp2","white"
"Paf1","Q8K2T8",2.2867664055146526,0.5414293340418059,0.985,FALSE,-0.342,FALSE,"Paf1","white"
"Pairb","Q9CY58",0.7008858878984252,0.15269109455181304,0.958,FALSE,0.639,FALSE,"Pairb","white"
"Paxb1","P58501",0.9850857503335066,0.22967755460516834,0.971,FALSE,-1.01,FALSE,"Paxb1","white"
"Pb1","Q8BSQ9",3.9296081443123714,0.37250946370735216,0.98,FALSE,-0.398,FALSE,"Pb1","white"
"Pcbp1","P60335",2.462180592896185,0.11450934106061207,0.946,FALSE,0.957,FALSE,"Pcbp1","white"
"Pcbp2","Q61990",1.6794530522372295,0.3276870533033377,0.978,FALSE,0.658,FALSE,"Pcbp2","white"
"Pcm1","Q9R0L6",1.7856923680297772,0.6994392304239887,0.988,FALSE,0.419,FALSE,"Pcm1","white"
"Pde3a","Q9Z0X4",0.6453266316181228,0.9216174007741038,0.99,FALSE,-0.0534,FALSE,"Pde3a","white"
"Pdip3","Q8BG81",4.6023140702934535,0.7804271499044771,0.989,FALSE,0.0864,FALSE,"Pdip3","white"
"Pelp1","Q9DBD5",-0.018669762294957575,0.5819511068924539,0.986,FALSE,-0.133,FALSE,"Pelp1","white"
"Pesc","Q9EQ61",0.4999653239677855,0.34469380935811866,0.979,FALSE,-0.429,FALSE,"Pesc","white"
"Pfkal","P12382",1.0805906385411943,0.8516083766554217,0.99,FALSE,0.133,FALSE,"Pfkal","white"
"Pgam5","Q8BX10",2.835566768579753,0.7301363012327005,0.988,FALSE,0.191,FALSE,"Pgam5","white"
"Phc1","Q64028",2.735609280929048,0.4796766198180792,0.984,FALSE,-0.333,FALSE,"Phc1","white"
"Phf10","Q9D8M7",2.253586885383166,0.5649896626456121,0.986,FALSE,-0.342,FALSE,"Phf10","white"
"Phf14","Q9D4H9",0.6949558999736437,0.6932453264555635,0.988,FALSE,0.237,FALSE,"Phf14","white"
"Phf19","Q9CXG9",0.8332955859183718,0.13905756821662155,0.955,FALSE,-1.1,FALSE,"Phf19","white"
"Phf5a","P83870",1.8616399847814578,0.19745129253835048,0.967,FALSE,-0.373,FALSE,"Phf5a","white"
"Phlb1","Q6PDH0",1.2598331732481423,0.19169683327461426,0.966,FALSE,1.24,FALSE,"Phlb1","white"
"Phrf1","A6H619",1.4152878199890058,0.9437089361416349,0.99,FALSE,-0.0454,FALSE,"Phrf1","white"
"Pinin","O35691",5.290196816876608,0.708282476529047,0.988,FALSE,0.104,FALSE,"Pinin","white"
"Pk1ip","Q9DCE5",1.8616381524741061,0.3151921857956328,0.978,FALSE,-0.486,FALSE,"Pk1ip","white"
"Plrg1","Q922V4",2.5917828144903794,0.1877850435095783,0.965,FALSE,0.483,FALSE,"Plrg1","white"
"Pnisr","A2AJT4",0.9803625669448115,0.8445909296161309,0.99,FALSE,0.141,FALSE,"Pnisr","white"
"Pogz","Q8BZH4",3.089368751503765,0.7734340995371233,0.989,FALSE,0.115,FALSE,"Pogz","white"
"Polh","Q9JJN0",0.2641191311267382,0.3692608621434146,0.98,FALSE,0.432,FALSE,"Polh","white"
"Pp1b","P62141",0.14189836451296442,0.46535008772217135,0.984,FALSE,0.287,FALSE,"Pp1b","white"
"Ppie","Q9QZH3",1.635609329958004,0.44648106867839377,0.983,FALSE,0.571,FALSE,"Ppie","white"
"Ppig","A2AR02",2.204790817746178,0.36344697331618037,0.98,FALSE,0.376,FALSE,"Ppig","white"
"Ppil1","Q9D0W5",1.943614952984295,0.36527791138134563,0.98,FALSE,0.52,FALSE,"Ppil1","white"
"Ppil3","Q9D6L8",0.13855036151226466,0.4029255803267817,0.982,FALSE,0.293,FALSE,"Ppil3","white"
"Pr38a","Q4FK66",1.028292799528978,0.6239797730584853,0.987,FALSE,0.237,FALSE,"Pr38a","white"
"Pr38b","Q80SY5",0.4307886339781917,0.12490249070224316,0.95,FALSE,0.766,FALSE,"Pr38b","white"
"Pr40a","Q9R1C7",4.2611634250510395,0.0619657144178342,0.9,FALSE,0.589,FALSE,"Pr40a","white"
"Prc2a","Q7TSC1",1.603096999551295,0.47228262037211655,0.984,FALSE,-0.613,FALSE,"Prc2a","white"
"Prc2c","Q3TLH4",2.9325169762866334,0.8551488832110881,0.99,FALSE,0.108,FALSE,"Prc2c","white"
"Prdx1","P35700",3.3703355081428317,0.797320961116252,0.989,FALSE,0.0915,FALSE,"Prdx1","white"
"Prp17","Q9DC48",3.194922987741912,0.8933753888623897,0.99,FALSE,0.0673,FALSE,"Prp17","white"
"Prp19","Q99KP6",4.547845434768177,0.7789789463339717,0.989,FALSE,-0.0779,FALSE,"Prp19","white"
"Prp31","Q8CCF0-2",0.8616223873984522,0.8687483711936249,0.99,FALSE,-0.096,FALSE,"Prp31","white"
"Prp4","Q9DAW6",2.1356184738429516,0.1978141733632601,0.967,FALSE,0.514,FALSE,"Prp4","white"
"Prp4b","Q61136",3.4496538794820117,0.39546842133245647,0.981,FALSE,0.261,FALSE,"Prp4b","white"
"Prp6","Q91YR7",2.855943931880322,0.0856251014668189,0.928,FALSE,1.01,FALSE,"Prp6","white"
"Prp8","Q99PV0",5.778335630364671,0.3015067567182017,0.977,FALSE,0.286,FALSE,"Prp8","white"
"Prpf3","Q922U1",2.830165003446648,0.5732683067930686,0.986,FALSE,-0.245,FALSE,"Prpf3","white"
"Psip1","Q99JF8-2",2.8022889093397327,0.57561436926812,0.986,FALSE,-0.215,FALSE,"Psip1","white"
"Psip1.1","Q99JF8",1.3986904548731438,0.3493159725518829,0.979,FALSE,-0.893,FALSE,"Psip1.1","white"
"Pspc1","Q8R326",0.671895244744895,0.16177275309103506,0.961,FALSE,-0.865,FALSE,"Pspc1","white"
"Puf60","Q3UEB3-2",3.2919716553148457,0.4559142342852378,0.983,FALSE,0.278,FALSE,"Puf60","white"
"Pwp1","Q99LL5",2.462863892530439,0.18993480100288607,0.966,FALSE,-1.08,FALSE,"Pwp1","white"
"Pwp3a","Q6DID5",2.0855875919318105,0.03642930483971632,0.823,FALSE,-0.919,FALSE,"Pwp3a","white"
"Pyr1","B2RQC6",0.886960545829267,0.5869450727042217,0.986,FALSE,0.345,FALSE,"Pyr1","white"
"Q3kr45","Q3KR45",0.31023256174407265,0.062452496719974646,0.901,FALSE,-0.809,FALSE,"Q3kr45","white"
"Q3tmp1","Q3TMP1",0.5635664825402804,0.7725820250260395,0.989,FALSE,-0.167,FALSE,"Q3tmp1","white"
"Q3u3a7","Q3U3A7",1.6949722137374728,0.2369592662008638,0.972,FALSE,0.627,FALSE,"Q3u3a7","white"
"Q3ubl8","Q3UBL8",2.038125087980046,0.6213397441595356,0.987,FALSE,-0.234,FALSE,"Q3ubl8","white"
"Q3ujb0","Q3UJB0",5.4901868552462565,0.5301056462103444,0.985,FALSE,0.188,FALSE,"Q3ujb0","white"
"Q3ull6","Q3ULL6",0.07693468417956417,0.24253018107821872,0.972,FALSE,0.417,FALSE,"Q3ull6","white"
"Q504p4","Q504P4",5.278215553755573,0.8649445338358043,0.99,FALSE,0.0443,FALSE,"Q504p4","white"
"Q542v3","Q542V3",1.625796785107534,0.27628929966916155,0.975,FALSE,0.376,FALSE,"Q542v3","white"
"Q5sqb0","Q5SQB0",4.55337682662253,0.6056110338936896,0.987,FALSE,-0.171,FALSE,"Q5sqb0","white"
"Q642k5","Q642K5",1.899776588715423,0.5209246679626052,0.985,FALSE,-0.234,FALSE,"Q642k5","white"
"Q6p5b5","Q6P5B5",1.8295333425084142,0.30277544889114705,0.977,FALSE,-0.698,FALSE,"Q6p5b5","white"
"Q6zwz4","Q6ZWZ4",3.509331177775698,0.19648588228311453,0.967,FALSE,-0.389,FALSE,"Q6zwz4","white"
"Q792z1","Q792Z1",0.6307961903926103,0.46826983681588563,0.984,FALSE,0.366,FALSE,"Q792z1","white"
"Q80x98","Q80X98",0.7641288750130908,0.08679572269145527,0.929,FALSE,0.766,FALSE,"Q80x98","white"
"Q80zm5","Q80ZM5",1.028292799528978,0.6239797730584853,0.987,FALSE,0.237,FALSE,"Q80zm5","white"
"Q8bgj5","Q8BGJ5",1.9431702072747388,0.35973135914155363,0.98,FALSE,0.862,FALSE,"Q8bgj5","white"
"Q8k1g7","Q8K1G7",2.3548616837090814,0.4646024170270824,0.983,FALSE,0.742,FALSE,"Q8k1g7","white"
"Q8k205","Q8K205",1.0282905017213426,0.006965442119868765,0.225,FALSE,-1.49,FALSE,"Q8k205","white"
"Q8r0b4","Q8R0B4",2.049856779474796,0.9190183076499269,0.99,FALSE,0.0658,FALSE,"Q8r0b4","white"
"Q8vhm5","Q8VHM5",0.9774613050140352,0.8989693362434112,0.99,FALSE,0.0623,FALSE,"Q8vhm5","white"
"Q921k2","Q921K2",4.700779551703356,0.8069541501640433,0.989,FALSE,-0.0661,FALSE,"Q921k2","white"
"Q9cpn9","Q9CPN9",-0.06501632504013759,0.888333740070256,0.99,FALSE,0.0339,FALSE,"Q9cpn9","white"
"Q9cxw7","Q9CXW7",3.809107056363633,0.09232426035734005,0.933,FALSE,-0.551,FALSE,"Q9cxw7","white"
"Q9cyj8","Q9CYJ8",3.22703078973346,0.15880116312396145,0.96,FALSE,-0.437,FALSE,"Q9cyj8","white"
"Q9dae2","Q9DAE2",4.288703022111345,0.7304163312171165,0.988,FALSE,-0.112,FALSE,"Q9dae2","white"
"Q9dcc5","Q9DCC5",2.997632300824305,0.12746866361142603,0.951,FALSE,-0.958,FALSE,"Q9dcc5","white"
"Qcr2","Q9DB77",-0.06166559412566682,0.9106360126305582,0.99,FALSE,0.0272,FALSE,"Qcr2","white"
"Rad50","P70388",1.336488126635768,0.632467191979739,0.987,FALSE,0.187,FALSE,"Rad50","white"
"Raly","Q64012",3.8724787569331247,0.5045990215977885,0.985,FALSE,-0.165,FALSE,"Raly","white"
"Ran","P62827",2.2924716191824075,0.8529472714887323,0.99,FALSE,0.099,FALSE,"Ran","white"
"Rbbp4","Q60972",3.5132663770517136,0.057094471720452275,0.891,FALSE,-1.07,FALSE,"Rbbp4","white"
"Rbbp5","Q8BX09",-0.041727710482710144,0.4576337351584938,0.983,FALSE,-0.179,FALSE,"Rbbp5","white"
"Rbbp6","P97868",4.525985099848227,0.6874672627684537,0.988,FALSE,0.178,FALSE,"Rbbp6","white"
"Rbbp7","Q60973",4.3417095709808375,0.3344496227458283,0.979,FALSE,-0.389,FALSE,"Rbbp7","white"
"Rbm10","Q99KG3",1.248622279064992,0.823923831970129,0.989,FALSE,0.187,FALSE,"Rbm10","white"
"Rbm14","Q8C2Q3",1.528302427972985,0.8130647449983406,0.989,FALSE,-0.096,FALSE,"Rbm14","white"
"Rbm15","Q0VBL3",3.622649228295898,0.09927773151766642,0.938,FALSE,0.673,FALSE,"Rbm15","white"
"Rbm22","Q8BHS3",2.7394438944029216,0.02146056669324345,0.686,FALSE,1.12,FALSE,"Rbm22","white"
"Rbm25","B2RY56",4.127991977086306,0.02361042080597192,0.716,FALSE,0.688,FALSE,"Rbm25","white"
"Rbm27","Q5SFM8",1.7654463652180958,0.07118170598397279,0.913,FALSE,1.3,FALSE,"Rbm27","white"
"Rbm39","Q8VH51",4.402409035035652,0.9403565726895043,0.99,FALSE,0.018,FALSE,"Rbm39","white"
"Rbm8a","Q9CWZ3",2.5819671310848284,0.1478469287431378,0.957,FALSE,0.463,FALSE,"Rbm8a","white"
"Rbmx2","Q8R0F5",0.7667628701776813,0.38458623079392096,0.981,FALSE,0.484,FALSE,"Rbmx2","white"
"Rbps2","Q8VC52",0.83330451841003494,0.06713587539917194,0.908,FALSE,0.904,FALSE,"Rbps2","white"
"Rcc2","Q8BK67",3.126434156688788,0.5842553110399875,0.986,FALSE,-0.171,FALSE,"Rcc2","white"
"Rcor2","Q8C796",2.577119211078905,0.8246764266420685,0.989,FALSE,0.31,FALSE,"Rcor2","white"
"Red","Q9Z1M8",4.090830146077364,0.3730273708126409,0.98,FALSE,0.329,FALSE,"Red","white"
"Rest","Q8VIG1",2.619032661653495,0.8666714197872687,0.99,FALSE,-0.0628,FALSE,"Rest","white"
"Rfc1","P35601",3.0246065109899862,0.8275988460530811,0.989,FALSE,-0.291,FALSE,"Rfc1","white"
"Rfc2","Q9WUK4",1.468945764790141,0.7989238528724402,0.989,FALSE,-0.254,FALSE,"Rfc2","white"
"Rfc4","Q99J62",2.9375357117162735,0.9479489071340692,0.99,FALSE,-0.0575,FALSE,"Rfc4","white"
"Rif1","Q6PR54",2.9423490707610847,0.5446595763164035,0.985,FALSE,1.21,FALSE,"Rif1","white"
"Ring2","Q9CQJ4",2.804830713694971,0.26503170414132377,0.974,FALSE,-0.388,FALSE,"Ring2","white"
"Rl10","Q6ZWV3",3.5653233522189116,0.547898632134864,0.985,FALSE,-0.185,FALSE,"Rl10","white"
"Rl10a","P53026",3.750642980705831,0.14616288859265975,0.957,FALSE,-0.583,FALSE,"Rl10a","white"
"Rl11","Q9CXW4",2.248630467325737,0.6512873595606287,0.987,FALSE,-0.203,FALSE,"Rl11","white"
"Rl12","P35979",2.411512411224342,0.8485022210880808,0.99,FALSE,0.0755,FALSE,"Rl12","white"
"Rl13","P47963",4.260698813507807,0.654019836855257,0.987,FALSE,-0.13,FALSE,"Rl13","white"
"Rl13a","P19253",2.7701813590591993,0.996013483491528,0.991,FALSE,-0.00226,FALSE,"Rl13a","white"
"Rl14","Q9CR57",3.7178420998414103,0.23187708025955586,0.971,FALSE,-0.368,FALSE,"Rl14","white"
"Rl15","Q9CZM2",3.4813153974358038,0.9991631362374498,0.991,FALSE,4.77e-4,FALSE,"Rl15","white"
"Rl17","Q9CPR4",3.64710242957953,0.2898189215098483,0.976,FALSE,-0.42,FALSE,"Rl17","white"
"Rl18","P35980",3.692366766247945,0.20887162700678144,0.968,FALSE,-0.409,FALSE,"Rl18","white"
"Rl18a","P62717",3.812349073876646,0.22150936812544592,0.97,FALSE,-0.409,FALSE,"Rl18a","white"
"Rl19","P84099",3.478677597113643,0.21336858183450644,0.969,FALSE,-0.644,FALSE,"Rl19","white"
"Rl1d1","Q8BVY0",4.101102836811431,0.06438299960137246,0.904,FALSE,-0.639,FALSE,"Rl1d1","white"
"Rl21","O09167",3.9672845791480227,0.07365540569773697,0.916,FALSE,-0.591,FALSE,"Rl21","white"
"Rl23","P62830",1.4270160533500598,0.815970864785258,0.989,FALSE,-0.17,FALSE,"Rl23","white"
"Rl23a","P62751",3.425359775657874,0.32260311014236276,0.978,FALSE,-0.45,FALSE,"Rl23a","white"
"Rl24","Q8BP67",2.6571690326779493,0.22399434243267338,0.97,FALSE,-0.443,FALSE,"Rl24","white"
"Rl26","P61255",4.123740786560709,0.22114794330720758,0.97,FALSE,-0.372,FALSE,"Rl26","white"
"Rl27","P61358",3.9109337546933314,0.37433173928508817,0.98,FALSE,-0.246,FALSE,"Rl27","white"
"Rl27a","P14115",2.9894331036091972,0.9684124162443525,0.991,FALSE,0.0113,FALSE,"Rl27a","white"
"Rl28","P41105",3.5685052487762943,0.2663124881098478,0.974,FALSE,-0.337,FALSE,"Rl28","white"
"Rl29","P47915",3.3986555888221477,0.1848518364155499,0.965,FALSE,-0.555,FALSE,"Rl29","white"
"Rl3","P27659",4.876160562551266,0.3311496424856286,0.978,FALSE,-0.397,FALSE,"Rl3","white"
"Rl30","P62889",3.295096948550134,0.12418881677777617,0.95,FALSE,-0.508,FALSE,"Rl30","white"
"Rl31","P62900",2.8950046270506054,0.37286746327157466,0.98,FALSE,-0.467,FALSE,"Rl31","white"
"Rl32","P62911",3.361590739181517,0.11494784788590165,0.946,FALSE,-0.491,FALSE,"Rl32","white"
"Rl34","Q9D1R9",1.8177988084339685,0.3697404638494735,0.98,FALSE,-0.398,FALSE,"Rl34","white"
"Rl35","Q6ZWV7",2.712192904258163,0.35346453657773896,0.98,FALSE,-0.526,FALSE,"Rl35","white"
"Rl35a","O55142",2.701009040886083,0.7710383976573802,0.989,FALSE,0.0968,FALSE,"Rl35a","white"
"Rl36a","P83882",0.2804975476640556,0.9839195527608235,0.991,FALSE,0.00958,FALSE,"Rl36a","white"
"Rl37","Q9D823",0.1666182792026524,0.530914882359865,0.985,FALSE,0.237,FALSE,"Rl37","white"
"Rl37a","P61514",0.8333022581022664,0.5317735591212029,0.985,FALSE,0.237,FALSE,"Rl37a","white"
"Rl38","Q9JJI8",-4.991679296632393e-5,0.6892481293485575,0.988,FALSE,-0.096,FALSE,"Rl38","white"
"Rl39","P62892",0.30856837910723023,0.11432216170596393,0.946,FALSE,-0.713,FALSE,"Rl39","white"
"Rl4","Q9D8E6",5.344099630504373,0.18732293508487224,0.965,FALSE,-0.345,FALSE,"Rl4","white"
"Rl5","P47962",3.49811270156774,0.29199650691644213,0.976,FALSE,-0.55,FALSE,"Rl5","white"
"Rl6","P47911",4.692713260596846,0.24558425624697575,0.972,FALSE,-0.316,FALSE,"Rl6","white"
"Rl7","P14148",4.612445552311809,0.555823495049659,0.986,FALSE,-0.194,FALSE,"Rl7","white"
"Rl7a","P12970",4.280431216712638,0.1637619948211191,0.961,FALSE,-0.504,FALSE,"Rl7a","white"
"Rl8","P62918",3.7331032925812306,0.30793033979461915,0.977,FALSE,-0.328,FALSE,"Rl8","white"
"Rla0","P14869",3.9348407112631523,0.9190569649851335,0.99,FALSE,0.0305,FALSE,"Rla0","white"
"Rla1","P47955",0.9591162133084902,0.6568175988020835,0.987,FALSE,-0.291,FALSE,"Rla1","white"
"Rla2","P99027",3.6156786725863284,0.32068476342968,0.978,FALSE,-0.434,FALSE,"Rla2","white"
"Rlp24","Q99L28",-0.041727710482710144,0.4576337351584938,0.983,FALSE,-0.179,FALSE,"Rlp24","white"
"Rm11","Q9CQF0",2.246799915466473,0.09455291892637328,0.935,FALSE,-1.46,FALSE,"Rm11","white"
"Rm30","Q9D7N6",0.11382550277389865,0.38803020416903944,0.981,FALSE,0.343,FALSE,"Rm30","white"
"Rm40","Q9Z2Q5",0.1418972693588246,0.35331577575083684,0.98,FALSE,-0.38,FALSE,"Rm40","white"
"Rm54","Q9CPW3",0.16662286694710282,0.25146744652440906,0.973,FALSE,-0.429,FALSE,"Rm54","white"
"Rmxl1","Q91VM5",5.245137728326793,0.7892913342483787,0.989,FALSE,0.0764,FALSE,"Rmxl1","white"
"Rn138","Q9CQE0",-4.991679296632393e-5,0.6892481293485575,0.988,FALSE,-0.096,FALSE,"Rn138","white"
"Rnps1","Q99M28",3.687003276346841,0.83146805683402,0.989,FALSE,-0.0749,FALSE,"Rnps1","white"
"Roa0","Q9CX86",1.830603876040551,0.08640961294996684,0.929,FALSE,-0.587,FALSE,"Roa0","white"
"Roa1","P49312",1.7856911174878054,0.43658228127358967,0.983,FALSE,0.937,FALSE,"Roa1","white"
"Roa2","O88569-2",2.3197763015617374,0.19206143627860267,0.966,FALSE,1.28,FALSE,"Roa2","white"
"Roa3","Q8BG05",5.003162915017293,0.7568319556571482,0.989,FALSE,0.0822,FALSE,"Roa3","white"
"Roaa","Q99020",1.3616342036267088,0.03754788197557015,0.829,FALSE,0.627,FALSE,"Roaa","white"
"Rp9","P97762",1.012054290815811,0.26631021485917566,0.974,FALSE,0.595,FALSE,"Rp9","white"
"Rpa34","Q76KJ5",0.3332886913331781,0.17503433610831512,0.963,FALSE,0.571,FALSE,"Rpa34","white"
"Rpab1","Q80UW8",2.549859243603787,0.42431349818186254,0.982,FALSE,0.352,FALSE,"Rpab1","white"
"Rpab4","Q63871",-0.02310786498071889,0.5560458730652136,0.986,FALSE,-0.142,FALSE,"Rpab4","white"
"Rpab5","P62876",0.7641261232188169,0.049906724597650956,0.874,FALSE,-0.958,FALSE,"Rpab5","white"
"Rpb1","P08775",4.394169728638038,0.08854854836940795,0.93,FALSE,0.476,FALSE,"Rpb1","white"
"Rpb2","Q8CFI7",3.5673189525289337,0.4354105892432625,0.983,FALSE,0.31,FALSE,"Rpb2","white"
"Rpb3","P97760",2.081963307455453,0.05058867174802142,0.876,FALSE,-0.813,FALSE,"Rpb3","white"
"Rpb4","Q9D7M8",0.5852314618975348,0.720091364811666,0.988,FALSE,-0.21,FALSE,"Rpb4","white"
"Rpb9","P60898",0.8281341991147332,0.958680163710929,0.991,FALSE,-0.029,FALSE,"Rpb9","white"
"Rpr1b","Q9CSU0",0.4166233498213711,0.3516876620771739,0.979,FALSE,0.404,FALSE,"Rpr1b","white"
"Rprd2","Q6NXI6",1.0581580727761875,0.7543114702606732,0.989,FALSE,0.178,FALSE,"Rprd2","white"
"Rrbp1","Q99PL5",4.171972727801737,0.5943932450126166,0.986,FALSE,0.409,FALSE,"Rrbp1","white"
"Rrp12","Q6P5B0",2.3578565977575696,0.08667575448419991,0.929,FALSE,-0.698,FALSE,"Rrp12","white"
"Rrp1b","Q91YK2",1.3169115419650839,0.21590112429702843,0.969,FALSE,-0.519,FALSE,"Rrp1b","white"
"Rrs1","Q9CYH6",1.0282962317147888,0.7576236230365665,0.989,FALSE,0.237,FALSE,"Rrs1","white"
"Rs11","P62281",3.6017270397075447,0.6547194033421938,0.987,FALSE,-0.149,FALSE,"Rs11","white"
"Rs12","P63323",0.33329050993182524,0.07515160246633987,0.918,FALSE,-0.763,FALSE,"Rs12","white"
"Rs13","P62301",3.6093507022935203,0.43772467916913405,0.983,FALSE,-0.32,FALSE,"Rs13","white"
"Rs14","P62264",2.3676722252031244,0.670918837607755,0.988,FALSE,-0.18,FALSE,"Rs14","white"
"Rs15a","P62245",0.8238832027697889,0.7134232286194961,0.988,FALSE,-0.172,FALSE,"Rs15a","white"
"Rs16","P14131",2.7936449581229414,0.930702622151126,0.99,FALSE,0.0248,FALSE,"Rs16","white"
"Rs17","P63276",2.1356183372476014,0.5418137376329137,0.985,FALSE,-0.215,FALSE,"Rs17","white"
"Rs18","P62270",3.4311484919871442,0.8453605168570343,0.99,FALSE,0.0755,FALSE,"Rs18","white"
"Rs2","P25444",1.0282964779943562,0.39017551056769156,0.981,FALSE,-0.429,FALSE,"Rs2","white"
"Rs20","P60867",1.0282983930229748,0.5147276869226403,0.985,FALSE,-0.429,FALSE,"Rs20","white"
"Rs23","P62267",2.810234122779304,0.6088568625555921,0.987,FALSE,-0.184,FALSE,"Rs23","white"
"Rs24","P62849",3.5971736226815305,0.6632937119058397,0.987,FALSE,-0.148,FALSE,"Rs24","white"
"Rs25","P62852",2.0381233030226795,0.17068627549338766,0.962,FALSE,-0.624,FALSE,"Rs25","white"
"Rs26","P62855",2.40852564396435,0.04869734341423676,0.871,FALSE,-0.698,FALSE,"Rs26","white"
"Rs28","P62858",0.14356145199566703,0.23417925078107557,0.971,FALSE,-0.475,FALSE,"Rs28","white"
"Rs29","P62274",0.47690075773969137,0.3414865946720831,0.979,FALSE,-0.475,FALSE,"Rs29","white"
"Rs3","P62908",1.7486275117390697,0.8124464257971739,0.989,FALSE,0.13,FALSE,"Rs3","white"
"Rs3a","P97351",4.766449796156358,0.1903564356494388,0.966,FALSE,-0.477,FALSE,"Rs3a","white"
"Rs4x","P62702",4.371619879344338,0.46214639341886443,0.983,FALSE,-0.205,FALSE,"Rs4x","white"
"Rs6","P62754",4.753086002650882,0.10055661702469813,0.939,FALSE,-0.543,FALSE,"Rs6","white"
"Rs8","P62242",4.366433992837901,0.3928295633987949,0.981,FALSE,-0.25,FALSE,"Rs8","white"
"Rs9","Q6ZWN5",2.4806862069558924,0.15119647753530238,0.958,FALSE,-0.453,FALSE,"Rs9","white"
"Rsmb","P27048",2.9806887245830276,0.5537158368101235,0.986,FALSE,-0.186,FALSE,"Rsmb","white"
"Rsrc1","Q9DBU6",1.5003064482258937,0.9233730611463684,0.99,FALSE,-0.04,FALSE,"Rsrc1","white"
"Rsrc2","A2RTL5",0.7743427714356846,0.5258472294156299,0.985,FALSE,0.355,FALSE,"Rsrc2","white"
"Rt05","Q99N87",0.3146723384214975,0.06171208604706892,0.899,FALSE,-0.8,FALSE,"Rt05","white"
"Rtcb","Q99LF4",2.4375312464140833,0.08267920885772537,0.925,FALSE,1.33,FALSE,"Rtcb","white"
"Rtraf","Q9CQE8",2.8683621317253354,0.31883795298436585,0.978,FALSE,0.471,FALSE,"Rtraf","white"
"Ru1c","Q62241",0.14356527506357786,0.5911201496401237,0.986,FALSE,0.191,FALSE,"Ru1c","white"
"Ru2a","P57784",1.3987022462052092,0.626844509387306,0.987,FALSE,-0.355,FALSE,"Ru2a","white"
"Ru2b","Q9CQI7",0.3146761614894083,0.761070031409729,0.989,FALSE,-0.133,FALSE,"Ru2b","white"
"Ruvb1","P60122",2.330606547329525,0.518766031635592,0.985,FALSE,0.627,FALSE,"Ruvb1","white"
"Ruvb2","Q9WTM5",3.1473565625650024,0.841277053319399,0.99,FALSE,-0.129,FALSE,"Ruvb2","white"
"Ruxe","P62305",0.5974572641844649,0.941257984981848,0.99,FALSE,0.0423,FALSE,"Ruxe","white"
"Ruxf","P62307",1.361633838581677,0.5182860948080027,0.985,FALSE,0.237,FALSE,"Ruxf","white"
"Ruxg","P62309",1.3899556322758115,0.7653061592302195,0.989,FALSE,-0.096,FALSE,"Ruxg","white"
"S2513","Q9QXX4",0.3085722021751411,0.9171711467450566,0.99,FALSE,-0.0466,FALSE,"S2513","white"
"S30bp","Q02614",1.0974680952819675,0.1043540551844634,0.941,FALSE,0.766,FALSE,"S30bp","white"
"S4r1w5","S4R1W5",1.3596442316637671,0.97159324425607,0.991,FALSE,-0.0433,FALSE,"S4r1w5","white"
"Safb1","D3YXK2",4.4202546611860605,0.09102328952389886,0.932,FALSE,0.569,FALSE,"Safb1","white"
"Safb2","Q80YR5",2.8676765949871377,0.43952111154977025,0.983,FALSE,0.321,FALSE,"Safb2","white"
"Sall4","Q8BX22",1.8012120456498764,0.8413780672347433,0.99,FALSE,0.173,FALSE,"Sall4","white"
"Sap18","O55128",4.1694506619710365,0.6409300796886741,0.987,FALSE,-0.162,FALSE,"Sap18","white"
"Scaf4","Q7TSH6",0.4999671167398052,0.33022098730256716,0.978,FALSE,-0.429,FALSE,"Scaf4","white"
"Senp3","Q9EP97",1.9523619608206488,0.03593056525272318,0.82,FALSE,-0.944,FALSE,"Senp3","white"
"Set","Q9EQU5",0.9427306528781402,0.10652925564378576,0.942,FALSE,-0.648,FALSE,"Set","white"
"Setd2","E9Q5F9",0.3332886913331781,0.17503433610831512,0.963,FALSE,0.571,FALSE,"Setd2","white"
"Sf01","Q64213",0.7641305229929518,0.07487169972425291,0.918,FALSE,0.766,FALSE,"Sf01","white"
"Sf3a1","Q8K4Z5",4.744157945843069,0.3913432063104323,0.981,FALSE,0.235,FALSE,"Sf3a1","white"
"Sf3a3","Q9D554",3.9061719199906264,0.7102001036547506,0.988,FALSE,-0.146,FALSE,"Sf3a3","white"
"Sf3b1","Q99NB9",4.800204852787134,0.1735795335499859,0.963,FALSE,0.525,FALSE,"Sf3b1","white"
"Sf3b3","Q921M3",5.017241059557762,0.36317275899839735,0.98,FALSE,0.275,FALSE,"Sf3b3","white"
"Sf3b4","Q8QZY9",2.179457154486437,0.7992418304355446,0.989,FALSE,-0.127,FALSE,"Sf3b4","white"
"Sf3b5","Q923D4",2.9787723184216444,0.0812018879130762,0.924,FALSE,0.59,FALSE,"Sf3b5","white"
"Sf3b6","P59708",2.6356213881643247,0.785078748056355,0.989,FALSE,-0.096,FALSE,"Sf3b6","white"
"Sfpq","Q8VIJ6",2.7867705249862795,0.2790922368117092,0.975,FALSE,0.483,FALSE,"Sfpq","white"
"Sfr19","Q5U4C3",2.6152456670966067,0.20930441238146888,0.969,FALSE,0.631,FALSE,"Sfr19","white"
"Sfswa","Q3USH5",0.11382823068766967,0.33486691925214424,0.979,FALSE,0.343,FALSE,"Sfswa","white"
"Sin3a","Q60520-1",0.59745740382143,0.2579999712538691,0.974,FALSE,-0.624,FALSE,"Sin3a","white"
"Skp1","Q9WTX5",1.0974699980890392,0.6860427745093929,0.988,FALSE,-0.291,FALSE,"Skp1","white"
"Sltm","Q8CH25",4.105039046789577,0.6529288085048097,0.987,FALSE,0.142,FALSE,"Sltm","white"
"Slu7","Q8BHJ9",0.975462889211043,0.8314448312219265,0.989,FALSE,0.132,FALSE,"Slu7","white"
"Smca4","Q3TKT4",3.803347840610371,0.6811217815697672,0.988,FALSE,0.173,FALSE,"Smca4","white"
"Smca5","Q91ZW3",5.2585897689337795,0.17310444644253806,0.963,FALSE,-0.412,FALSE,"Smca5","white"
"Smce1","O54941",1.871454221622346,0.5336233145900271,0.985,FALSE,-0.291,FALSE,"Smce1","white"
"Smd1","P62315",1.3899563709766003,0.7690997557115075,0.989,FALSE,-0.096,FALSE,"Smd1","white"
"Smd2","P62317",3.082594468181425,0.628588438728829,0.987,FALSE,-0.175,FALSE,"Smd2","white"
"Smd3","P62320",1.2924604631011924,0.4089698137803832,0.982,FALSE,-0.291,FALSE,"Smd3","white"
"Smrc1","P97496",3.6041439101200567,0.13865422411806744,0.955,FALSE,-0.569,FALSE,"Smrc1","white"
"Smrd1","Q61466",1.1397956389481776,0.17130749634392528,0.963,FALSE,0.85,FALSE,"Smrd1","white"
"Smu1","Q3UKJ7",4.154548291954687,0.8278780382439165,0.989,FALSE,-0.0599,FALSE,"Smu1","white"
"Snr40","Q6PE01",3.1196844598330356,0.3974603886990481,0.981,FALSE,0.39,FALSE,"Snr40","white"
"Snut1","Q9Z315",3.6420835114153687,0.9322036548513672,0.99,FALSE,0.0436,FALSE,"Snut1","white"
"Snw1","Q9CSN1",0.30856546535444335,0.9239054286006614,0.99,FALSE,-0.0466,FALSE,"Snw1","white"
"Son","Q9QX47",4.339847370364059,0.26274279316833665,0.974,FALSE,1.07,FALSE,"Son","white"
"Sp16h","Q920B9",2.6157863041866976,0.22872282630056942,0.971,FALSE,-1.14,FALSE,"Sp16h","white"
"Spas2","Q8K1N4",2.791532084924478,0.5729540233129872,0.986,FALSE,0.649,FALSE,"Spas2","white"
"Spat5","Q3UMC0",2.135619129711047,0.6215796255091279,0.987,FALSE,0.237,FALSE,"Spat5","white"
"Spb1","Q9DBE9",1.6926619983648679,0.24273622874376785,0.972,FALSE,-0.649,FALSE,"Spb1","white"
"Spf27","Q9D287",3.200564835340616,0.742569970098497,0.988,FALSE,0.127,FALSE,"Spf27","white"
"Spf30","Q8BGT7",0.1297247326945469,0.4192028778827446,0.982,FALSE,0.311,FALSE,"Spf30","white"
"Spf45","Q8JZX4",2.6102880017384464,0.11504930586564414,0.946,FALSE,0.52,FALSE,"Spf45","white"
"Spt4a","P63271",-0.028122778532032083,0.8702358584928398,0.99,FALSE,-0.0399,FALSE,"Spt4a","white"
"Spt5h","O55201",2.853527029702431,0.7297924107427533,0.988,FALSE,0.164,FALSE,"Spt5h","white"
"Spt6h","Q62383",3.4301023053276207,0.39508097072119447,0.981,FALSE,-0.322,FALSE,"Spt6h","white"
"Sr140","Q6NV83",3.522028132007558,0.9807669300150661,0.991,FALSE,0.0141,FALSE,"Sr140","white"
"Srp14","P16254",0.9999746130445685,0.8539396743973902,0.99,FALSE,-0.096,FALSE,"Srp14","white"
"Srp68","Q8BMA6",0.3332925402277163,0.8296801874750483,0.989,FALSE,-0.096,FALSE,"Srp68","white"
"Srpk1","O70551",1.6628630591832405,0.272545914983862,0.975,FALSE,-0.884,FALSE,"Srpk1","white"
"Srpk2","O54781",0.7202900155226247,0.32772864357138787,0.978,FALSE,0.678,FALSE,"Srpk2","white"
"Srrm1","Q52KI8",4.1651193771308295,0.7935808440077111,0.989,FALSE,-0.0785,FALSE,"Srrm1","white"
"Srrm2","Q8BTI8",5.849792708224634,0.3716973472547079,0.98,FALSE,0.249,FALSE,"Srrm2","white"
"Srrt","Q99MR6",2.825751081863661,0.606636628057996,0.987,FALSE,-0.301,FALSE,"Srrt","white"
"Srs10","Q9R0U0",3.587999920948064,0.2642693661184489,0.974,FALSE,-0.453,FALSE,"Srs10","white"
"Srsf1","Q6PDM2",3.743285636136733,0.28439143675952516,0.976,FALSE,-0.536,FALSE,"Srsf1","white"
"Srsf2","Q62093",1.556624769233477,0.4528945200808461,0.983,FALSE,0.237,FALSE,"Srsf2","white"
"Srsf3","P84104",2.684417992760075,0.997543466146676,0.991,FALSE,0.00157,FALSE,"Srsf3","white"
"Srsf5","O35326",2.8086172094294857,0.10967052664642861,0.943,FALSE,-0.657,FALSE,"Srsf5","white"
"Srsf6","Q3TWW8",3.5738517870993594,0.37656449443567264,0.981,FALSE,-0.311,FALSE,"Srsf6","white"
"Srsf9","Q9D0B0",2.6264308612582616,0.97869186478114,0.991,FALSE,0.014,FALSE,"Srsf9","white"
"Ssf1","Q91YU8",1.8869754194527062,0.42146696883800056,0.982,FALSE,-0.322,FALSE,"Ssf1","white"
"Ssrp1","Q08943",2.436844521883407,0.2860309968167579,0.976,FALSE,-0.642,FALSE,"Ssrp1","white"
"Stau1","Q9Z108",0.83330451841003494,0.06713587539917194,0.908,FALSE,0.904,FALSE,"Stau1","white"
"Suh","P31266",2.028308809184676,0.8998658111356529,0.99,FALSE,-0.0394,FALSE,"Suh","white"
"Suz12","Q80U70",6.283458452312346,0.08611137888086012,0.928,FALSE,-0.68,FALSE,"Suz12","white"
"Syep","Q8CGC7",0.6530193635801349,0.5157346844155448,0.985,FALSE,0.321,FALSE,"Syep","white"
"Syf1","Q9DCD2",3.082594294553037,0.008751123371769597,0.316,FALSE,1.1,FALSE,"Syf1","white"
"Syf2","Q9D198",1.8831870635079166,0.6515422376574982,0.987,FALSE,0.224,FALSE,"Syf2","white"
"Szt2","A2A9C3",0.1418972693588246,0.35331577575083684,0.98,FALSE,-0.38,FALSE,"Szt2","white"
"Taf5","Q8C092",0.10165187095548116,0.34479626833982063,0.979,FALSE,0.367,FALSE,"Taf5","white"
"Taso2","Q5DTT3",2.492960391670105,0.33431068367802647,0.979,FALSE,1.09,FALSE,"Taso2","white"
"Tasor","Q69ZR9",3.4608595579363635,0.9183079841968039,0.99,FALSE,0.0458,FALSE,"Tasor","white"
"Tba1a","P68369",0.14800337774933917,0.5721541484281906,0.986,FALSE,0.2,FALSE,"Tba1a","white"
"Tba1b","P05213",4.063294521744779,0.3791014142613586,0.981,FALSE,0.249,FALSE,"Tba1b","white"
"Tbb2b","Q9CWF2",0.9748458061060418,0.15065635952944506,0.958,FALSE,0.797,FALSE,"Tbb2b","white"
"Tbb4a","Q9D6F9",0.16662322325133042,0.4898940293591856,0.984,FALSE,0.237,FALSE,"Tbb4a","white"
"Tbb4b","P68372",1.959134950464243,0.2048058573368537,0.968,FALSE,-0.958,FALSE,"Tbb4b","white"
"Tbb5","P99024",4.790389162834637,0.7532607517272084,0.989,FALSE,-0.0873,FALSE,"Tbb5","white"
"Tcf20","Q9EPQ8",1.9152922239231998,0.758368379133129,0.989,FALSE,0.288,FALSE,"Tcf20","white"
"Tcof","O08784",0.5282877039780249,0.878687766810768,0.99,FALSE,-0.096,FALSE,"Tcof","white"
"Tcpb","P80314",1.1949654557409115,0.08771857733298394,0.93,FALSE,0.961,FALSE,"Tcpb","white"
"Tcpe","P80316",0.29640078649163054,0.9608227738737951,0.991,FALSE,-0.0222,FALSE,"Tcpe","white"
"Tcpg","P80318",0.1666204953375594,0.5393170169099046,0.985,FALSE,0.237,FALSE,"Tcpg","white"
"Tcpz","P80317",0.8285830920927676,0.18838698796368697,0.966,FALSE,0.913,FALSE,"Tcpz","white"
"Tdh","Q8K3F7",1.1299635890098698,0.5447674327636927,0.985,FALSE,-0.356,FALSE,"Tdh","white"
"Tf3c1","Q8K284",0.61573316785971,0.5783734420372482,0.986,FALSE,-0.271,FALSE,"Tf3c1","white"
"Tfp11","Q9ERA6",1.512781896609446,0.04923117725050047,0.872,FALSE,1.21,FALSE,"Tfp11","white"
"Thoc1","Q8R3N6",3.3981101014696815,0.4751695040433964,0.984,FALSE,0.295,FALSE,"Thoc1","white"
"Thoc2","B1AZI6",3.324524594632765,0.044920255245826046,0.859,FALSE,0.716,FALSE,"Thoc2","white"
"Thoc3","Q8VE80",1.8461204888924054,0.24342576626995863,0.972,FALSE,0.54,FALSE,"Thoc3","white"
"Thoc4","O08583",1.5127809807289345,0.01013853922781346,0.38,FALSE,-1.79,FALSE,"Thoc4","white"
"Thoc6","Q5U4D9",1.679453821672593,0.17688251041084233,0.964,FALSE,0.483,FALSE,"Thoc6","white"
"Thoc7","Q7TMY4",1.1949612590926115,0.1845327672781469,0.965,FALSE,-0.763,FALSE,"Thoc7","white"
"Tif1b","Q62318",5.637139295561405,0.4152171835185301,0.982,FALSE,-0.231,FALSE,"Tif1b","white"
"Top2a","Q01320",5.841683148289044,0.2832118259553936,0.976,FALSE,-0.291,FALSE,"Top2a","white"
"Tpm3","P21107",1.7142580877763463,0.22141548175463657,0.97,FALSE,-1.58,FALSE,"Tpm3","white"
"Tpm3.1","P21107-2",2.32324975702632,0.17340028241775987,0.963,FALSE,-1.87,FALSE,"Tpm3.1","white"
"Tpx2","A2APB8",3.926619204193645,0.4566596675714111,0.983,FALSE,0.614,FALSE,"Tpx2","white"
"Tr150","Q569Z6",6.248467157771425,0.8894396841160814,0.99,FALSE,-0.0403,FALSE,"Tr150","white"
"Tra2b","P62996",4.234619220101991,0.6067560707135062,0.987,FALSE,-0.175,FALSE,"Tra2b","white"
"Tri25","Q61510",1.6511315930406507,0.19417026210362698,0.966,FALSE,0.54,FALSE,"Tri25","white"
"Tri27","Q62158",0.9399672547376117,0.46490704479668743,0.984,FALSE,0.414,FALSE,"Tri27","white"
"Tripc","G5E870",4.239836444805843,0.5490722822158742,0.985,FALSE,-0.236,FALSE,"Tripc","white"
"Tryp","P00761",4.486664605393545,0.4246218310683419,0.982,FALSE,0.45,FALSE,"Tryp","white"
"Tsr1","Q5SWD9",2.2331134526763354,0.19548148561159406,0.967,FALSE,0.534,FALSE,"Tsr1","white"
"Ttk","P35761",0.5974580826359303,0.08090384428624839,0.924,FALSE,1.1,FALSE,"Ttk","white"
"U2af1","Q9D883",0.16662286694710282,0.25146744652440906,0.973,FALSE,-0.429,FALSE,"U2af1","white"
"U2af2","P26369",3.734431134606115,0.8641760987261756,0.99,FALSE,-0.0671,FALSE,"U2af2","white"
"U520","Q6P4T2",5.728404984427029,0.6450109102541931,0.987,FALSE,0.125,FALSE,"U520","white"
"U5s1","O08810",5.027332747455131,0.8603807408596148,0.99,FALSE,0.0514,FALSE,"U5s1","white"
"Ubb","P0CG49",0.8561799423875464,0.5554937103059178,0.986,FALSE,0.305,FALSE,"Ubb","white"
"Ubp7","Q6A4J8",2.049856643420845,0.9037426357547209,0.99,FALSE,0.0658,FALSE,"Ubp7","white"
"Uhrf1","Q8VDF2",2.2165217974410623,0.014326274064490697,0.532,FALSE,-1.65,FALSE,"Uhrf1","white"
"Uif","Q91Z49",3.358488206123349,0.3665371201905014,0.98,FALSE,0.33,FALSE,"Uif","white"
"Utf1","Q6J1H4",1.812045121792757,0.007009451398852926,0.227,FALSE,-1.25,FALSE,"Utf1","white"
"V9gxw3","V9GXW3",1.8177992673508108,0.013179905206128674,0.496,FALSE,1.15,FALSE,"V9gxw3","white"
"Vdr","P48281",-0.03694346330107182,0.926773065404946,0.99,FALSE,-0.0222,FALSE,"Vdr","white"
"Vir","A2AIV2",2.4159249597117642,0.42655338608883375,0.982,FALSE,0.474,FALSE,"Vir","white"
"Wbp11","Q923D5",2.3831902533036353,0.6094690926916886,0.987,FALSE,-0.324,FALSE,"Wbp11","white"
"Wdr18","Q4VBE8",-0.02310786498071889,0.5560458730652136,0.986,FALSE,-0.142,FALSE,"Wdr18","white"
"Wdr33","Q8K4P0",3.84376685726839,0.934695795951598,0.99,FALSE,-0.122,FALSE,"Wdr33","white"
"Wdr5","P61965",1.3955794627757077,0.02472462532355291,0.73,FALSE,-0.751,FALSE,"Wdr5","white"
"Wwp2","Q9DBH0",1.8140115095434084,0.6250701123859062,0.987,FALSE,0.261,FALSE,"Wwp2","white"
"Xpo1","Q6P5F9",-0.06166559412566682,0.9106360126305582,0.99,FALSE,0.0272,FALSE,"Xpo1","white"
"Ybox1","P62960",3.481315548189162,0.1188451453534075,0.948,FALSE,-0.649,FALSE,"Ybox1","white"
"Ybox2","Q9Z2C8",2.2429282618956647,0.23363985774969503,0.971,FALSE,-0.429,FALSE,"Ybox2","white"
"Ybox3","Q9JKB3",2.561590576998862,0.19207046762620344,0.966,FALSE,-0.439,FALSE,"Ybox3","white"
"Ylpm1","Q9R0I7",1.1072753997610765,0.9088127007986302,0.99,FALSE,-0.096,FALSE,"Ylpm1","white"
"Ytdc1","E9Q5K9",3.4804417403176533,0.5515246788530404,0.986,FALSE,0.183,FALSE,"Ytdc1","white"
"Z4yld0","Z4YLD0",0.6949543707579728,0.27262725103566876,0.975,FALSE,0.627,FALSE,"Z4yld0","white"
"Z518a","B2RRF6",2.333265150520153,0.13112203514362655,0.952,FALSE,-1.17,FALSE,"Z518a","white"
"Z518b","B2RRE4",1.7486249644656198,0.46156407294360324,0.983,FALSE,0.52,FALSE,"Z518b","white"
"Zc11a","Q6NZF1",2.646200072720273,0.20226762533261483,0.968,FALSE,1.7,FALSE,"Zc11a","white"
"Zc21a","Q8BJH1",0.5974611130790031,0.2451951335449266,0.972,FALSE,-0.624,FALSE,"Zc21a","white"
"Zc3h4","Q6ZPZ3",1.9689475086542363,0.8811264697681577,0.99,FALSE,-0.096,FALSE,"Zc3h4","white"
"Zc3hd","E9Q784",2.890592854410968,0.19771378009624602,0.967,FALSE,0.542,FALSE,"Zc3hd","white"
"Zc3he","Q8BJ05-2",2.9061119621168294,0.3836178517011629,0.981,FALSE,0.66,FALSE,"Zc3he","white"
"Zc3he.1","Q8BJ05",1.7369948541778708,0.3433555298918698,0.979,FALSE,0.84,FALSE,"Zc3he.1","white"
"Zch18","Q0P678",3.2604474349917063,0.6968969869394347,0.988,FALSE,-0.188,FALSE,"Zch18","white"
"Zchc8","Q9CYA6",1.5282994910713097,0.8933113467012102,0.99,FALSE,-0.096,FALSE,"Zchc8","white"
"Zmat3","O54836",0.16661940018341959,0.27818734671126,0.975,FALSE,-0.429,FALSE,"Zmat3","white"
"Zmym4","A2A791",0.7924531147048862,0.5098062217899242,0.985,FALSE,0.432,FALSE,"Zmym4","white"
"Zn219","Q6IQX8",0.9901644136497972,0.5223082285364953,0.985,FALSE,0.314,FALSE,"Zn219","white"
"Zn292","Q9Z2U2-2",1.9365956588414377,0.09555965192530877,0.935,FALSE,0.721,FALSE,"Zn292","white"
"Zn326","O88291",1.4887396367809094,0.33329119597884227,0.979,FALSE,0.521,FALSE,"Zn326","white"
"Zn462","B1AWL2",2.7774473544961187,0.07853427897133353,0.922,FALSE,2.68,FALSE,"Zn462","white"
"Zn568","E9PYI1",0.4999647451302618,0.5989150876386738,0.986,FALSE,0.237,FALSE,"Zn568","white"
"Zn638","Q61464-2",3.7014414869817975,0.40132927401244806,0.982,FALSE,0.283,FALSE,"Zn638","white"
"Zsc10","Q3URR7",2.1102243297739887,0.9691952999957423,0.991,FALSE,0.0383,FALSE,"Zsc10","white"
